	0
Q0050_fc	1
YAL003W_fc	1
YAL003W_fc_intermediate_1	1
YAL005C_fc	1
YAL005C_fc_intermediate_1	1
YAL007C_fc	1
YAL008W_fc	1
YAL012W_fc	1
YAL012W_fc_intermediate_1	1
YAL012W_fc_intermediate_2	1
YAL013W_fc	1
YAL014C_fc	1
YAL016W_fc	1
YAL022C_fc	1
YAL023C_fc	1
YAL023C_fc_intermediate_1	1
YAL025C_fc	1
YAL030W_fc	1
YAL033W_fc	1
YAL034C_fc	1
YAL035W_fc	1
YAL036C_fc	1
YAL036C_fc_intermediate_1	1
YAL038W_fc	1
YAL038W_fc_intermediate_1	1
YAL038W_fc_intermediate_2	1
YAL039C_fc	1
YAL039C_fc_intermediate_1	1
YAL040C_fc	1
YAL041W_fc	1
YAL042W_fc	1
YAL044C_fc	1
YAL044C_fc_intermediate_1	1
YAL044C_fc_intermediate_2	1
YAL049C_fc	1
YAL051W_fc	1
YAL053W_fc	1
YAL054C_fc	1
YAL059W_fc	1
YAL060W_fc	1
YAL060W_fc_intermediate_1	1
YAL060W_fc_intermediate_2	1
YAL061W_fc	1
YAL061W_fc_intermediate_1	1
YAL062W_fc	1
YAR002W_fc	1
YAR003W_fc	1
YAR007C_fc	1
YAR008W_fc	1
YAR015W_fc	1
YAR015W_fc_intermediate_1	1
YAR015W_fc_intermediate_2	1
YAR018C_fc	1
YAR027W_fc	1
YAR027W_fc_intermediate_1	1
YAR031W_fc	1
YBL001C_fc	1
YBL002W_fc	1
YBL002W_fc_intermediate_1	1
YBL003C_fc	1
YBL003C_fc_intermediate_1	1
YBL005W_fc	1
YBL007C_fc	1
YBL011W_fc	1
YBL015W_fc	1
YBL015W_fc_intermediate_1	1
YBL017C_fc	1
YBL018C_fc	1
YBL021C_fc	1
YBL022C_fc	1
YBL024W_fc	1
YBL026W_fc	1
YBL027W_fc	1
YBL028C_fc	1
YBL030C_fc	1
YBL032W_fc	1
YBL033C_fc	1
YBL036C_fc	1
YBL038W_fc	1
YBL039C_fc	1
YBL040C_fc	1
YBL041W_fc	1
YBL042C_fc	1
YBL042C_fc_andNotIntermediate	1
YBL042C_fc_intermediate_1	1
YBL042C_fc_intermediate_2	1
YBL042C_fc_intermediate_3	1
YBL045C_fc	1
YBL051C_fc	1
YBL056W_fc	1
YBL057C_fc	1
YBL064C_fc	1
YBL064C_fc_intermediate_1	1
YBL064C_fc_intermediate_2	1
YBL068W_fc	1
YBL072C_fc	1
YBL076C_fc	1
YBL076C_fc_intermediate_1	1
YBL078C_fc	1
YBL087C_fc	1
YBL091C_fc	1
YBL092W_fc	1
YBL093C_fc	1
YBL099W_fc	1
YBL102W_fc	1
YBL103C_fc	1
YBR001C_fc	1
YBR005W_fc	1
YBR006W_fc	1
YBR006W_fc_intermediate_1	1
YBR009C_fc	1
YBR009C_fc_intermediate_1	1
YBR009C_fc_intermediate_2	1
YBR010W_fc	1
YBR010W_fc_intermediate_1	1
YBR011C_fc	1
YBR014C_fc	1
YBR015C_fc	1
YBR016W_fc	1
YBR017C_fc	1
YBR021W_fc	1
YBR024W_fc	1
YBR025C_fc	1
YBR026C_fc	1
YBR029C_fc	1
YBR031W_fc	1
YBR034C_fc	1
YBR035C_fc	1
YBR036C_fc	1
YBR037C_fc	1
YBR038W_fc	1
YBR038W_fc_andNotIntermediate	1
YBR038W_fc_intermediate_1	1
YBR039W_fc	1
YBR041W_fc	1
YBR043C_fc	1
YBR046C_fc	1
YBR048W_fc	1
YBR049C_fc	1
YBR050C_fc	1
YBR052C_fc	1
YBR052C_fc_andNotIntermediate	1
YBR052C_fc_intermediate_1	1
YBR053C_fc	1
YBR053C_fc_intermediate_1	1
YBR053C_fc_intermediate_2	1
YBR056W_fc	1
YBR056W_fc_andNotIntermediate	1
YBR056W_fc_intermediate_1	1
YBR057C_fc	1
YBR067C_fc	1
YBR067C_fc_andNotIntermediate	1
YBR067C_fc_intermediate_1	1
YBR067C_fc_intermediate_2	1
YBR067C_fc_intermediate_3	1
YBR067C_fc_intermediate_4	1
YBR068C_fc	1
YBR070C_fc	1
YBR071W_fc	1
YBR072W_fc	1
YBR072W_fc_intermediate_1	1
YBR072W_fc_intermediate_2	1
YBR078W_fc	1
YBR078W_fc_andNotIntermediate	1
YBR078W_fc_intermediate_1	1
YBR079C_fc	1
YBR080C_fc	1
YBR082C_fc	1
YBR082C_fc_andNotIntermediate	1
YBR082C_fc_intermediate_1	1
YBR083W_fc	1
YBR086C_fc	1
YBR087W_fc	1
YBR088C_fc	1
YBR093C_fc	1
YBR093C_fc_intermediate_1	1
YBR093C_fc_intermediate_2	1
YBR101C_fc	1
YBR103W_fc	1
YBR104W_fc	1
YBR105C_fc	1
YBR105C_fc_andNotIntermediate	1
YBR105C_fc_intermediate_1	1
YBR105C_fc_intermediate_2	1
YBR106W_fc	1
YBR106W_fc_intermediate_1	1
YBR109C_fc	1
YBR110W_fc	1
YBR111C_fc	1
YBR115C_fc	1
YBR118W_fc	1
YBR118W_fc_intermediate_1	1
YBR121C_fc	1
YBR122C_fc	1
YBR126C_fc	1
YBR126C_fc_intermediate_1	1
YBR127C_fc	1
YBR129C_fc	1
YBR130C_fc	1
YBR135W_fc	1
YBR135W_fc_intermediate_1	1
YBR137W_fc	1
YBR137W_fc_andNotIntermediate	1
YBR137W_fc_intermediate_1	1
YBR139W_fc	1
YBR143C_fc	1
YBR143C_fc_intermediate_1	1
YBR143C_fc_intermediate_2	1
YBR145W_fc	1
YBR146W_fc	1
YBR147W_fc	1
YBR149W_fc	1
YBR149W_fc_andNotIntermediate	1
YBR149W_fc_intermediate_1	1
YBR149W_fc_intermediate_2	1
YBR149W_fc_intermediate_3	1
YBR151W_fc	1
YBR153W_fc	1
YBR154C_fc	1
YBR158W_fc	1
YBR158W_fc_andNotIntermediate	1
YBR158W_fc_intermediate_1	1
YBR158W_fc_intermediate_2	1
YBR158W_fc_intermediate_3	1
YBR159W_fc	1
YBR160W_fc	1
YBR162C_fc	1
YBR162C_fc_andNotIntermediate	1
YBR162C_fc_intermediate_1	1
YBR162C_fc_intermediate_2	1
YBR165W_fc	1
YBR166C_fc	1
YBR166C_fc_andNotIntermediate	1
YBR166C_fc_intermediate_1	1
YBR166C_fc_intermediate_2	1
YBR167C_fc	1
YBR169C_fc	1
YBR169C_fc_intermediate_1	1
YBR171W_fc	1
YBR172C_fc	1
YBR173C_fc	1
YBR177C_fc	1
YBR177C_fc_intermediate_1	1
YBR181C_fc	1
YBR182C_fc	1
YBR183W_fc	1
YBR183W_fc_intermediate_1	1
YBR183W_fc_intermediate_2	1
YBR185C_fc	1
YBR189W_fc	1
YBR191W_fc	1
YBR196C_fc	1
YBR199W_fc	1
YBR202W_fc	1
YBR207W_fc	1
YBR208C_fc	1
YBR212W_fc	1
YBR214W_fc	1
YBR218C_fc	1
YBR221C_fc	1
YBR222C_fc	1
YBR230C_fc	1
YBR230C_fc_intermediate_1	1
YBR230C_fc_intermediate_2	1
YBR234C_fc	1
YBR236C_fc	1
YBR239C_fc	1
YBR241C_fc	1
YBR242W_fc	1
YBR243C_fc	1
YBR244W_fc	1
YBR244W_fc_andNotIntermediate	1
YBR244W_fc_intermediate_1	1
YBR244W_fc_intermediate_2	1
YBR244W_fc_intermediate_3	1
YBR247C_fc	1
YBR248C_fc	1
YBR249C_fc	1
YBR249C_fc_intermediate_1	1
YBR251W_fc	1
YBR252W_fc	1
YBR254C_fc	1
YBR256C_fc	1
YBR262C_fc	1
YBR263W_fc	1
YBR263W_fc_intermediate_1	1
YBR265W_fc	1
YBR268W_fc	1
YBR269C_fc	1
YBR269C_fc_intermediate_1	1
YBR272C_fc	1
YBR282W_fc	1
YBR283C_fc	1
YBR286W_fc	1
YBR287W_fc	1
YBR290W_fc	1
YBR291C_fc	1
YBR294W_fc	1
YBR296C_fc	1
YBR296C_fc_intermediate_1	1
YBR297W_fc	1
YBR298C_fc	1
YCL001W_fc	1
YCL002C_fc	1
YCL005W_fc	1
YCL009C_fc	1
YCL009C_fc_intermediate_1	1
YCL011C_fc	1
YCL011C_fc_intermediate_1	1
YCL012C_fc	1
YCL017C_fc	1
YCL018W_fc	1
YCL028W_fc	1
YCL028W_fc_intermediate_1	1
YCL028W_fc_intermediate_2	1
YCL030C_fc	1
YCL034W_fc	1
YCL035C_fc	1
YCL035C_fc_intermediate_1	1
YCL035C_fc_intermediate_2	1
YCL037C_fc	1
YCL038C_fc	1
YCL040W_fc	1
YCL040W_fc_intermediate_1	1
YCL043C_fc	1
YCL043C_fc_intermediate_1	1
YCL045C_fc	1
YCL047C_fc	1
YCL050C_fc	1
YCL054W_fc	1
YCL056C_fc	1
YCL057W_fc	1
YCL059C_fc	1
YCL059C_fc_intermediate_1	1
YCL063W_fc	1
YCR002C_fc	1
YCR004C_fc	1
YCR005C_fc	1
YCR005C_fc_intermediate_1	1
YCR005C_fc_intermediate_2	1
YCR009C_fc	1
YCR010C_fc	1
YCR011C_fc	1
YCR012W_fc	1
YCR012W_fc_intermediate_1	1
YCR017C_fc	1
YCR021C_fc	1
YCR021C_fc_intermediate_1	1
YCR023C_fc	1
YCR028C_fc	1
YCR030C_fc	1
YCR031C_fc	1
YCR034W_fc	1
YCR034W_fc_intermediate_1	1
YCR034W_fc_intermediate_2	1
YCR037C_fc	1
YCR046C_fc	1
YCR053W_fc	1
YCR057C_fc	1
YCR059C_fc	1
YCR061W_fc	1
YCR065W_fc	1
YCR069W_fc	1
YCR079W_fc	1
YCR084C_fc	1
YCR088W_fc	1
YCR093W_fc	1
YCR094W_fc	1
YCR095C_fc	1
YDL001W_fc	1
YDL004W_fc	1
YDL006W_fc	1
YDL007W_fc	1
YDL010W_fc	1
YDL012C_fc	1
YDL014W_fc	1
YDL015C_fc	1
YDL018C_fc	1
YDL019C_fc	1
YDL020C_fc	1
YDL021W_fc	1
YDL022W_fc	1
YDL022W_fc_intermediate_1	1
YDL022W_fc_intermediate_2	1
YDL025C_fc	1
YDL029W_fc	1
YDL040C_fc	1
YDL045C_fc	1
YDL046W_fc	1
YDL046W_fc_intermediate_1	1
YDL048C_fc	1
YDL048C_fc_intermediate_1	1
YDL048C_fc_intermediate_2	1
YDL049C_fc	1
YDL051W_fc	1
YDL052C_fc	1
YDL053C_fc	1
YDL054C_fc	1
YDL055C_fc	1
YDL055C_fc_intermediate_1	1
YDL055C_fc_intermediate_2	1
YDL055C_fc_intermediate_3	1
YDL056W_fc	1
YDL061C_fc	1
YDL063C_fc	1
YDL063C_fc_intermediate_1	1
YDL064W_fc	1
YDL066W_fc	1
YDL066W_fc_andNotIntermediate	1
YDL066W_fc_intermediate_1	1
YDL066W_fc_intermediate_2	1
YDL066W_fc_intermediate_3	1
YDL067C_fc	1
YDL070W_fc	1
YDL072C_fc	1
YDL074C_fc	1
YDL075W_fc	1
YDL075W_fc_intermediate_1	1
YDL076C_fc	1
YDL076C_fc_intermediate_1	1
YDL076C_fc_intermediate_2	1
YDL078C_fc	1
YDL078C_fc_intermediate_1	1
YDL078C_fc_intermediate_2	1
YDL081C_fc	1
YDL082W_fc	1
YDL083C_fc	1
YDL083C_fc_intermediate_1	1
YDL084W_fc	1
YDL086W_fc	1
YDL088C_fc	1
YDL090C_fc	1
YDL091C_fc	1
YDL092W_fc	1
YDL095W_fc	1
YDL097C_fc	1
YDL099W_fc	1
YDL100C_fc	1
YDL103C_fc	1
YDL106C_fc	1
YDL110C_fc	1
YDL110C_fc_intermediate_1	1
YDL110C_fc_intermediate_2	1
YDL113C_fc	1
YDL115C_fc	1
YDL117W_fc	1
YDL120W_fc	1
YDL121C_fc	1
YDL122W_fc	1
YDL123W_fc	1
YDL123W_fc_intermediate_1	1
YDL124W_fc	1
YDL124W_fc_intermediate_1	1
YDL124W_fc_intermediate_2	1
YDL125C_fc	1
YDL125C_fc_intermediate_1	1
YDL125C_fc_intermediate_2	1
YDL126C_fc	1
YDL127W_fc	0
YDL128W_fc	1
YDL128W_fc_intermediate_1	1
YDL128W_fc_intermediate_2	1
YDL128W_fc_intermediate_3	1
YDL130W_fc	1
YDL131W_fc	1
YDL133W_fc	1
YDL134C_fc	1
YDL135C_fc	1
YDL136W_fc	1
YDL137W_fc	1
YDL140C_fc	1
YDL142C_fc	1
YDL143W_fc	1
YDL145C_fc	1
YDL147W_fc	1
YDL148C_fc	1
YDL155W_fc	1
YDL157C_fc	1
YDL157C_fc_intermediate_1	1
YDL157C_fc_intermediate_2	1
YDL165W_fc	1
YDL167C_fc	1
YDL168W_fc	1
YDL169C_fc	1
YDL170W_fc	1
YDL171C_fc	1
YDL171C_fc_intermediate_1	1
YDL174C_fc	1
YDL174C_fc_intermediate_1	1
YDL174C_fc_intermediate_2	1
YDL178W_fc	1
YDL179W_fc	1
YDL180W_fc	1
YDL181W_fc	1
YDL182W_fc	1
YDL182W_fc_andNotIntermediate	1
YDL182W_fc_intermediate_1	1
YDL182W_fc_intermediate_2	1
YDL182W_fc_intermediate_3	1
YDL184C_fc	1
YDL185W_fc	1
YDL188C_fc	1
YDL190C_fc	1
YDL191W_fc	1
YDL192W_fc	1
YDL193W_fc	1
YDL195W_fc	1
YDL198C_fc	1
YDL198C_fc_intermediate_1	1
YDL201W_fc	1
YDL204W_fc	1
YDL207W_fc	1
YDL208W_fc	1
YDL208W_fc_intermediate_1	1
YDL212W_fc	1
YDL213C_fc	1
YDL215C_fc	1
YDL215C_fc_intermediate_1	1
YDL215C_fc_intermediate_2	1
YDL217C_fc	1
YDL224C_fc	1
YDL226C_fc	1
YDL229W_fc	1
YDL232W_fc	1
YDL235C_fc	1
YDL236W_fc	1
YDL237W_fc	1
YDR001C_fc	1
YDR001C_fc_intermediate_1	1
YDR002W_fc	1
YDR005C_fc	1
YDR006C_fc	1
YDR011W_fc	1
YDR011W_fc_intermediate_1	1
YDR011W_fc_intermediate_2	1
YDR012W_fc	1
YDR019C_fc	1
YDR023W_fc	1
YDR025W_fc	1
YDR028C_fc	1
YDR031W_fc	1
YDR032C_fc	1
YDR033W_fc	1
YDR033W_fc_andNotIntermediate	1
YDR033W_fc_intermediate_1	1
YDR033W_fc_intermediate_2	1
YDR033W_fc_intermediate_3	1
YDR034C_fc	1
YDR035W_fc	1
YDR037W_fc	1
YDR037W_fc_andNotIntermediate	1
YDR037W_fc_intermediate_1	1
YDR041W_fc	1
YDR041W_fc_intermediate_1	1
YDR041W_fc_intermediate_2	1
YDR041W_fc_intermediate_3	1
YDR043C_fc	1
YDR043C_fc_intermediate_1	1
YDR043C_fc_intermediate_2	1
YDR044W_fc	1
YDR044W_fc_intermediate_1	1
YDR045C_fc	1
YDR047W_fc	1
YDR050C_fc	1
YDR051C_fc	1
YDR055W_fc	1
YDR055W_fc_andNotIntermediate	1
YDR055W_fc_intermediate_1	1
YDR055W_fc_intermediate_2	1
YDR055W_fc_intermediate_3	1
YDR059C_fc	1
YDR060W_fc	1
YDR061W_fc	1
YDR062W_fc	1
YDR063W_fc	1
YDR064W_fc	1
YDR064W_fc_intermediate_1	1
YDR067C_fc	1
YDR068W_fc	1
YDR070C_fc	1
YDR071C_fc	1
YDR072C_fc	1
YDR072C_fc_intermediate_1	1
YDR072C_fc_intermediate_2	1
YDR073W_fc	1
YDR073W_fc_andNotIntermediate	1
YDR073W_fc_intermediate_1	1
YDR073W_fc_intermediate_2	1
YDR074W_fc	1
YDR075W_fc	1
YDR077W_fc	1
YDR077W_fc_intermediate_1	1
YDR077W_fc_intermediate_2	1
YDR077W_fc_intermediate_3	1
YDR078C_fc	1
YDR079W_fc	1
YDR084C_fc	1
YDR084C_fc_intermediate_1	1
YDR086C_fc	1
YDR086C_fc_intermediate_1	1
YDR086C_fc_intermediate_2	1
YDR086C_fc_intermediate_3	1
YDR088C_fc	1
YDR090C_fc	1
YDR091C_fc	1
YDR092W_fc	1
YDR098C_fc	1
YDR098C_fc_intermediate_1	1
YDR098C_fc_intermediate_2	1
YDR099W_fc	1
YDR100W_fc	1
YDR101C_fc	1
YDR105C_fc	1
YDR111C_fc	1
YDR116C_fc	1
YDR119W_fc	1
YDR120C_fc	1
YDR122W_fc	1
YDR123C_fc	1
YDR127W_fc	1
YDR129C_fc	1
YDR135C_fc	1
YDR139C_fc	1
YDR142C_fc	1
YDR143C_fc	1
YDR144C_fc	1
YDR146C_fc	1
YDR148C_fc	1
YDR150W_fc	1
YDR151C_fc	1
YDR152W_fc	1
YDR155C_fc	1
YDR155C_fc_intermediate_1	1
YDR155C_fc_intermediate_2	1
YDR156W_fc	1
YDR156W_fc_andNotIntermediate	1
YDR156W_fc_intermediate_1	1
YDR156W_fc_intermediate_2	1
YDR158W_fc	1
YDR165W_fc	1
YDR167W_fc	1
YDR168W_fc	1
YDR169C_fc	1
YDR170C_fc	1
YDR171W_fc	1
YDR171W_fc_intermediate_1	1
YDR172W_fc	1
YDR174W_fc	1
YDR175C_fc	1
YDR177W_fc	1
YDR178W_fc	1
YDR182W_fc	1
YDR190C_fc	1
YDR194C_fc	1
YDR202C_fc	1
YDR207C_fc	1
YDR208W_fc	1
YDR210W_fc	1
YDR211W_fc	1
YDR212W_fc	1
YDR213W_fc	1
YDR214W_fc	1
YDR214W_fc_intermediate_1	1
YDR214W_fc_intermediate_2	1
YDR216W_fc	1
YDR222W_fc	1
YDR224C_fc	1
YDR225W_fc	1
YDR226W_fc	1
YDR226W_fc_intermediate_1	1
YDR231C_fc	1
YDR232W_fc	1
YDR232W_fc_intermediate_1	1
YDR232W_fc_intermediate_2	1
YDR233C_fc	1
YDR234W_fc	1
YDR236C_fc	1
YDR238C_fc	1
YDR244W_fc	1
YDR245W_fc	0
YDR248C_fc	1
YDR251W_fc	1
YDR253C_fc	1
YDR258C_fc	1
YDR258C_fc_intermediate_1	1
YDR259C_fc	1
YDR260C_fc	1
YDR261C_fc	1
YDR262W_fc	1
YDR262W_fc_intermediate_1	1
YDR266C_fc	1
YDR267C_fc	1
YDR272W_fc	1
YDR275W_fc	1
YDR276C_fc	1
YDR276C_fc_andNotIntermediate	1
YDR276C_fc_intermediate_1	1
YDR279W_fc	1
YDR280W_fc	1
YDR281C_fc	1
YDR283C_fc	1
YDR284C_fc	1
YDR286C_fc	1
YDR287W_fc	1
YDR294C_fc	1
YDR296W_fc	1
YDR297W_fc	1
YDR298C_fc	1
YDR300C_fc	1
YDR302W_fc	1
YDR304C_fc	1
YDR304C_fc_intermediate_1	1
YDR304C_fc_intermediate_2	1
YDR309C_fc	1
YDR309C_fc_intermediate_1	1
YDR309C_fc_intermediate_2	1
YDR310C_fc	1
YDR319C_fc	1
YDR321W_fc	1
YDR322W_fc	1
YDR328C_fc	1
YDR330W_fc	1
YDR333C_fc	1
YDR335W_fc	1
YDR339C_fc	1
YDR339C_fc_intermediate_1	1
YDR341C_fc	1
YDR342C_fc	1
YDR342C_fc_andNotIntermediate	1
YDR342C_fc_intermediate_1	1
YDR342C_fc_intermediate_2	1
YDR342C_fc_intermediate_3	1
YDR343C_fc	1
YDR343C_fc_intermediate_1	1
YDR345C_fc	1
YDR349C_fc	1
YDR353W_fc	1
YDR354W_fc	1
YDR361C_fc	1
YDR361C_fc_intermediate_1	1
YDR365C_fc	1
YDR366C_fc	1
YDR367W_fc	1
YDR368W_fc	1
YDR372C_fc	1
YDR373W_fc	1
YDR376W_fc	1
YDR377W_fc	1
YDR378C_fc	1
YDR378C_fc_intermediate_1	1
YDR381W_fc	1
YDR382W_fc	1
YDR384C_fc	1
YDR384C_fc_andNotIntermediate	1
YDR384C_fc_intermediate_1	1
YDR384C_fc_intermediate_2	1
YDR385W_fc	1
YDR385W_fc_intermediate_1	1
YDR385W_fc_intermediate_2	1
YDR388W_fc	1
YDR388W_fc_intermediate_1	1
YDR388W_fc_intermediate_2	1
YDR391C_fc	1
YDR391C_fc_intermediate_1	1
YDR393W_fc	1
YDR394W_fc	1
YDR395W_fc	1
YDR397C_fc	1
YDR399W_fc	1
YDR399W_fc_andNotIntermediate	1
YDR399W_fc_intermediate_1	1
YDR404C_fc	1
YDR405W_fc	1
YDR408C_fc	1
YDR408C_fc_intermediate_1	1
YDR410C_fc	1
YDR411C_fc	1
YDR418W_fc	1
YDR421W_fc	1
YDR423C_fc	1
YDR427W_fc	1
YDR429C_fc	1
YDR434W_fc	1
YDR435C_fc	1
YDR441C_fc	1
YDR447C_fc	1
YDR449C_fc	1
YDR450W_fc	1
YDR451C_fc	1
YDR452W_fc	1
YDR453C_fc	1
YDR454C_fc	1
YDR456W_fc	1
YDR457W_fc	1
YDR458C_fc	1
YDR463W_fc	1
YDR465C_fc	1
YDR468C_fc	1
YDR471W_fc	1
YDR471W_fc_intermediate_1	1
YDR472W_fc	1
YDR476C_fc	1
YDR477W_fc	1
YDR479C_fc	1
YDR483W_fc	1
YDR483W_fc_intermediate_1	1
YDR483W_fc_intermediate_2	1
YDR483W_fc_intermediate_3	1
YDR486C_fc	1
YDR487C_fc	1
YDR492W_fc	1
YDR493W_fc	1
YDR494W_fc	1
YDR496C_fc	1
YDR497C_fc	1
YDR500C_fc	1
YDR502C_fc	1
YDR502C_fc_intermediate_1	1
YDR508C_fc	1
YDR510W_fc	1
YDR510W_fc_intermediate_1	1
YDR512C_fc	1
YDR513W_fc	1
YDR513W_fc_intermediate_1	1
YDR513W_fc_intermediate_2	1
YDR513W_fc_intermediate_3	1
YDR516C_fc	1
YDR516C_fc_intermediate_1	1
YDR516C_fc_intermediate_2	1
YDR517W_fc	1
YDR518W_fc	1
YDR519W_fc	1
YDR520C_fc	1
YDR527W_fc	1
YDR529C_fc	1
YDR530C_fc	1
YDR531W_fc	1
YDR533C_fc	1
YDR533C_fc_intermediate_1	1
YDR539W_fc	1
YEL001C_fc	1
YEL002C_fc	1
YEL005C_fc	1
YEL006W_fc	1
YEL007W_fc	1
YEL009C_fc	1
YEL011W_fc	1
YEL011W_fc_andNotIntermediate	1
YEL011W_fc_intermediate_1	1
YEL011W_fc_intermediate_2	1
YEL012W_fc	1
YEL012W_fc_intermediate_1	1
YEL013W_fc	1
YEL015W_fc	1
YEL017W_fc	1
YEL021W_fc	1
YEL021W_fc_intermediate_1	1
YEL024W_fc	1
YEL026W_fc	1
YEL027W_fc	1
YEL031W_fc	1
YEL032W_fc	1
YEL033W_fc	1
YEL033W_fc_intermediate_1	1
YEL034W_fc	1
YEL036C_fc	1
YEL037C_fc	1
YEL038W_fc	1
YEL039C_fc	1
YEL040W_fc	1
YEL040W_fc_intermediate_1	1
YEL040W_fc_intermediate_2	1
YEL042W_fc	1
YEL044W_fc	1
YEL044W_fc_andNotIntermediate	1
YEL044W_fc_intermediate_1	1
YEL046C_fc	1
YEL046C_fc_andNotIntermediate	1
YEL046C_fc_intermediate_1	1
YEL046C_fc_intermediate_2	1
YEL046C_fc_intermediate_3	1
YEL050C_fc	1
YEL051W_fc	1
YEL052W_fc	1
YEL054C_fc	1
YEL054C_fc_intermediate_1	1
YEL055C_fc	1
YEL056W_fc	1
YEL056W_fc_intermediate_1	1
YEL058W_fc	1
YEL060C_fc	1
YEL060C_fc_andNotIntermediate	1
YEL060C_fc_intermediate_1	1
YEL060C_fc_intermediate_2	1
YEL060C_fc_intermediate_3	1
YEL060C_fc_intermediate_4	1
YEL066W_fc	1
YEL071W_fc	1
YEL071W_fc_intermediate_1	1
YEL071W_fc_intermediate_2	1
YEL071W_fc_intermediate_3	1
YEL072W_fc	1
YER001W_fc	1
YER001W_fc_intermediate_1	1
YER002W_fc	1
YER003C_fc	1
YER004W_fc	1
YER004W_fc_andNotIntermediate	1
YER004W_fc_intermediate_1	1
YER006W_fc	1
YER009W_fc	1
YER010C_fc	1
YER012W_fc	1
YER017C_fc	1
YER020W_fc	1
YER021W_fc	1
YER023W_fc	1
YER024W_fc	1
YER025W_fc	1
YER025W_fc_andNotIntermediate	1
YER025W_fc_intermediate_1	1
YER025W_fc_intermediate_2	1
YER026C_fc	1
YER027C_fc	1
YER029C_fc	1
YER031C_fc	1
YER035W_fc	1
YER035W_fc_intermediate_1	1
YER036C_fc	1
YER037W_fc	1
YER037W_fc_intermediate_1	1
YER037W_fc_intermediate_2	1
YER040W_fc	1
YER043C_fc	1
YER043C_fc_intermediate_1	1
YER043C_fc_intermediate_2	1
YER044C_fc	1
YER044C_fc_intermediate_1	1
YER044C_fc_intermediate_2	1
YER044C_fc_intermediate_3	1
YER046W_fc	1
YER048C_fc	1
YER049W_fc	1
YER052C_fc	1
YER053C_fc	1
YER053C_fc_andNotIntermediate	1
YER053C_fc_intermediate_1	1
YER053C_fc_intermediate_2	1
YER053C_fc_intermediate_3	1
YER055C_fc	1
YER055C_fc_intermediate_1	1
YER055C_fc_intermediate_2	1
YER056C_fc	1
YER056C_fc_intermediate_1	1
YER056C_fc_intermediate_2	1
YER057C_fc	1
YER062C_fc	1
YER062C_fc_andNotIntermediate	1
YER062C_fc_intermediate_1	1
YER062C_fc_intermediate_2	1
YER063W_fc	1
YER065C_fc	1
YER067W_fc	1
YER067W_fc_andNotIntermediate	1
YER067W_fc_intermediate_1	1
YER068W_fc	1
YER069W_fc	1
YER070W_fc	1
YER072W_fc	1
YER072W_fc_intermediate_1	1
YER072W_fc_intermediate_2	1
YER073W_fc	1
YER073W_fc_intermediate_1	1
YER074W_fc	1
YER078C_fc	1
YER079W_fc	1
YER079W_fc_intermediate_1	1
YER080W_fc	1
YER081W_fc	1
YER083C_fc	1
YER086W_fc	1
YER088C_fc	1
YER089C_fc	1
YER090W_fc	1
YER091C_fc	1
YER091C_fc_intermediate_1	1
YER091C_fc_intermediate_2	1
YER091C_fc_intermediate_3	1
YER092W_fc	1
YER094C_fc	1
YER095W_fc	1
YER095W_fc_andNotIntermediate	1
YER095W_fc_intermediate_1	1
YER099C_fc	1
YER100W_fc	1
YER102W_fc	1
YER103W_fc	1
YER103W_fc_intermediate_1	1
YER107C_fc	1
YER110C_fc	1
YER111C_fc	1
YER115C_fc	1
YER116C_fc	1
YER117W_fc	1
YER118C_fc	1
YER119C_fc	1
YER120W_fc	1
YER122C_fc	1
YER123W_fc	1
YER124C_fc	1
YER124C_fc_intermediate_1	1
YER125W_fc	1
YER126C_fc	1
YER130C_fc	1
YER131W_fc	1
YER131W_fc_intermediate_1	1
YER131W_fc_intermediate_2	1
YER133W_fc	1
YER134C_fc	1
YER136W_fc	1
YER141W_fc	1
YER141W_fc_intermediate_1	1
YER141W_fc_intermediate_2	1
YER142C_fc	1
YER143W_fc	1
YER144C_fc	1
YER145C_fc	1
YER145C_fc_intermediate_1	1
YER145C_fc_intermediate_2	1
YER145C_fc_intermediate_3	1
YER146W_fc	1
YER146W_fc_intermediate_1	1
YER146W_fc_intermediate_2	1
YER148W_fc	1
YER150W_fc	1
YER150W_fc_intermediate_1	1
YER150W_fc_intermediate_2	1
YER152C_fc	1
YER154W_fc	1
YER154W_fc_intermediate_1	1
YER154W_fc_intermediate_2	1
YER155C_fc	1
YER156C_fc	1
YER159C_fc	1
YER161C_fc	1
YER163C_fc	1
YER165W_fc	1
YER169W_fc	1
YER175C_fc	1
YER176W_fc	1
YER177W_fc	1
YER178W_fc	1
YER178W_fc_intermediate_1	1
YER183C_fc	1
YFL004W_fc	1
YFL005W_fc	1
YFL010C_fc	1
YFL014W_fc	1
YFL014W_fc_intermediate_1	1
YFL014W_fc_intermediate_2	1
YFL014W_fc_intermediate_3	1
YFL016C_fc	1
YFL016C_fc_intermediate_1	1
YFL017C_fc	1
YFL018C_fc	1
YFL021W_fc	1
YFL021W_fc_intermediate_1	1
YFL021W_fc_intermediate_2	1
YFL021W_fc_intermediate_3	1
YFL022C_fc	1
YFL022C_fc_intermediate_1	1
YFL022C_fc_intermediate_2	1
YFL028C_fc	1
YFL031W_fc	1
YFL037W_fc	1
YFL038C_fc	1
YFL039C_fc	1
YFL039C_fc_intermediate_1	1
YFL039C_fc_intermediate_2	1
YFL041W_fc	1
YFL045C_fc	1
YFL048C_fc	1
YFR004W_fc	1
YFR006W_fc	1
YFR009W_fc	1
YFR010W_fc	1
YFR011C_fc	1
YFR014C_fc	1
YFR015C_fc	1
YFR016C_fc	1
YFR017C_fc	1
YFR025C_fc	1
YFR030W_fc	1
YFR033C_fc	1
YFR033C_fc_intermediate_1	1
YFR033C_fc_intermediate_2	1
YFR034C_fc	1
YFR037C_fc	1
YFR041C_fc	1
YFR042W_fc	1
YFR044C_fc	1
YFR047C_fc	1
YFR049W_fc	1
YFR050C_fc	1
YFR051C_fc	1
YFR052W_fc	1
YFR053C_fc	1
YFR053C_fc_andNotIntermediate	1
YFR053C_fc_intermediate_1	1
YFR053C_fc_intermediate_2	1
YFR055W_fc	1
YGL001C_fc	1
YGL002W_fc	1
YGL004C_fc	1
YGL005C_fc	1
YGL006W_fc	1
YGL008C_fc	1
YGL008C_fc_andNotIntermediate	1
YGL008C_fc_intermediate_1	1
YGL008C_fc_intermediate_2	1
YGL009C_fc	1
YGL010W_fc	1
YGL011C_fc	1
YGL012W_fc	1
YGL013C_fc	1
YGL019W_fc	1
YGL020C_fc	1
YGL021W_fc	1
YGL022W_fc	1
YGL026C_fc	1
YGL027C_fc	1
YGL028C_fc	1
YGL028C_fc_intermediate_1	1
YGL028C_fc_intermediate_2	1
YGL029W_fc	1
YGL030W_fc	1
YGL031C_fc	1
YGL035C_fc	1
YGL037C_fc	1
YGL037C_fc_intermediate_1	1
YGL037C_fc_intermediate_2	1
YGL038C_fc	1
YGL039W_fc	1
YGL040C_fc	1
YGL043W_fc	1
YGL047W_fc	1
YGL048C_fc	1
YGL050W_fc	1
YGL054C_fc	1
YGL054C_fc_intermediate_1	1
YGL055W_fc	1
YGL055W_fc_intermediate_1	1
YGL055W_fc_intermediate_2	1
YGL056C_fc	1
YGL056C_fc_intermediate_1	1
YGL056C_fc_intermediate_2	1
YGL058W_fc	1
YGL058W_fc_intermediate_1	1
YGL059W_fc	1
YGL062W_fc	1
YGL062W_fc_andNotIntermediate	1
YGL062W_fc_intermediate_1	1
YGL062W_fc_intermediate_2	1
YGL062W_fc_intermediate_3	1
YGL068W_fc	1
YGL070C_fc	1
YGL071W_fc	1
YGL073W_fc	1
YGL076C_fc	1
YGL077C_fc	1
YGL078C_fc	1
YGL084C_fc	1
YGL087C_fc	1
YGL096W_fc	1
YGL096W_fc_intermediate_1	1
YGL096W_fc_intermediate_2	1
YGL097W_fc	1
YGL100W_fc	1
YGL100W_fc_intermediate_1	1
YGL101W_fc	1
YGL101W_fc_intermediate_1	1
YGL103W_fc	1
YGL103W_fc_intermediate_1	1
YGL103W_fc_intermediate_2	1
YGL105W_fc	1
YGL115W_fc	1
YGL117W_fc	1
YGL120C_fc	1
YGL121C_fc	1
YGL122C_fc	1
YGL123W_fc	1
YGL123W_fc_intermediate_1	1
YGL127C_fc	1
YGL135W_fc	1
YGL135W_fc_intermediate_1	1
YGL135W_fc_intermediate_2	1
YGL136C_fc	1
YGL145W_fc	1
YGL147C_fc	1
YGL148W_fc	1
YGL154C_fc	1
YGL157W_fc	1
YGL159W_fc	1
YGL161C_fc	1
YGL166W_fc	1
YGL167C_fc	1
YGL171W_fc	1
YGL173C_fc	1
YGL181W_fc	1
YGL186C_fc	1
YGL187C_fc	1
YGL189C_fc	1
YGL190C_fc	1
YGL191W_fc	1
YGL195W_fc	1
YGL196W_fc	1
YGL198W_fc	1
YGL200C_fc	1
YGL202W_fc	1
YGL207W_fc	1
YGL208W_fc	1
YGL209W_fc	1
YGL213C_fc	1
YGL215W_fc	1
YGL219C_fc	1
YGL221C_fc	1
YGL224C_fc	1
YGL225W_fc	1
YGL226W_fc	1
YGL228W_fc	1
YGL231C_fc	1
YGL232W_fc	1
YGL234W_fc	1
YGL234W_fc_intermediate_1	1
YGL237C_fc	1
YGL238W_fc	1
YGL242C_fc	1
YGL245W_fc	1
YGL246C_fc	1
YGL250W_fc	1
YGL252C_fc	1
YGL253W_fc	1
YGL253W_fc_intermediate_1	1
YGL253W_fc_intermediate_2	1
YGL256W_fc	1
YGR002C_fc	1
YGR007W_fc	1
YGR008C_fc	1
YGR008C_fc_intermediate_1	1
YGR008C_fc_intermediate_2	1
YGR014W_fc	1
YGR017W_fc	1
YGR019W_fc	1
YGR019W_fc_intermediate_1	1
YGR020C_fc	1
YGR027C_fc	1
YGR028W_fc	1
YGR031W_fc	1
YGR032W_fc	1
YGR032W_fc_intermediate_1	1
YGR032W_fc_intermediate_2	1
YGR033C_fc	1
YGR033C_fc_intermediate_1	1
YGR034W_fc	1
YGR037C_fc	1
YGR037C_fc_intermediate_1	1
YGR037C_fc_intermediate_2	1
YGR038W_fc	1
YGR041W_fc	1
YGR043C_fc	1
YGR044C_fc	1
YGR046W_fc	1
YGR048W_fc	1
YGR049W_fc	1
YGR054W_fc	1
YGR055W_fc	1
YGR060W_fc	1
YGR060W_fc_intermediate_1	1
YGR060W_fc_intermediate_2	1
YGR061C_fc	1
YGR065C_fc	1
YGR067C_fc	1
YGR074W_fc	1
YGR077C_fc	1
YGR078C_fc	1
YGR079W_fc	1
YGR080W_fc	1
YGR082W_fc	1
YGR084C_fc	1
YGR085C_fc	1
YGR086C_fc	1
YGR086C_fc_intermediate_1	1
YGR086C_fc_intermediate_2	1
YGR086C_fc_intermediate_3	1
YGR086C_fc_intermediate_4	1
YGR088W_fc	1
YGR088W_fc_intermediate_1	1
YGR088W_fc_intermediate_2	1
YGR094W_fc	1
YGR094W_fc_intermediate_1	1
YGR094W_fc_intermediate_2	1
YGR102C_fc	1
YGR103W_fc	1
YGR103W_fc_andNotIntermediate	1
YGR103W_fc_intermediate_1	1
YGR105W_fc	1
YGR106C_fc	1
YGR108W_fc	1
YGR108W_fc_andNotIntermediate	1
YGR108W_fc_intermediate_1	1
YGR110W_fc	1
YGR111W_fc	1
YGR116W_fc	1
YGR118W_fc	1
YGR121C_fc	1
YGR122W_fc	1
YGR122W_fc_intermediate_1	1
YGR123C_fc	1
YGR124W_fc	1
YGR125W_fc	1
YGR125W_fc_intermediate_1	1
YGR128C_fc	1
YGR130C_fc	1
YGR130C_fc_intermediate_1	1
YGR132C_fc	1
YGR135W_fc	1
YGR141W_fc	1
YGR142W_fc	1
YGR147C_fc	1
YGR148C_fc	1
YGR155W_fc	1
YGR155W_fc_intermediate_1	1
YGR155W_fc_intermediate_2	1
YGR157W_fc	1
YGR157W_fc_intermediate_1	1
YGR158C_fc	1
YGR159C_fc	1
YGR159C_fc_andNotIntermediate	1
YGR159C_fc_intermediate_1	1
YGR159C_fc_intermediate_2	1
YGR161C_fc	1
YGR161C_fc_intermediate_1	1
YGR167W_fc	1
YGR172C_fc	1
YGR173W_fc	1
YGR174C_fc	1
YGR175C_fc	1
YGR175C_fc_intermediate_1	1
YGR178C_fc	1
YGR180C_fc	1
YGR180C_fc_intermediate_1	1
YGR180C_fc_intermediate_2	1
YGR181W_fc	1
YGR183C_fc	1
YGR183C_fc_intermediate_1	1
YGR185C_fc	1
YGR186W_fc	1
YGR187C_fc	1
YGR189C_fc	1
YGR189C_fc_andNotIntermediate	1
YGR189C_fc_intermediate_1	1
YGR189C_fc_intermediate_2	1
YGR189C_fc_intermediate_3	1
YGR191W_fc	1
YGR192C_fc	1
YGR193C_fc	1
YGR195W_fc	1
YGR198W_fc	1
YGR200C_fc	1
YGR201C_fc	1
YGR202C_fc	1
YGR203W_fc	1
YGR203W_fc_intermediate_1	1
YGR204W_fc	1
YGR204W_fc_intermediate_1	1
YGR204W_fc_intermediate_2	1
YGR209C_fc	1
YGR209C_fc_intermediate_1	1
YGR210C_fc	1
YGR211W_fc	1
YGR214W_fc	1
YGR214W_fc_intermediate_1	1
YGR215W_fc	1
YGR218W_fc	1
YGR220C_fc	1
YGR223C_fc	1
YGR229C_fc	1
YGR230W_fc	1
YGR231C_fc	1
YGR232W_fc	1
YGR233C_fc	1
YGR234W_fc	1
YGR234W_fc_intermediate_1	1
YGR234W_fc_intermediate_2	1
YGR234W_fc_intermediate_3	1
YGR235C_fc	1
YGR240C_fc	1
YGR243W_fc	1
YGR243W_fc_intermediate_1	1
YGR244C_fc	1
YGR245C_fc	1
YGR246C_fc	1
YGR248W_fc	1
YGR248W_fc_intermediate_1	1
YGR248W_fc_intermediate_2	1
YGR248W_fc_intermediate_3	1
YGR249W_fc	1
YGR252W_fc	1
YGR253C_fc	1
YGR254W_fc	1
YGR254W_fc_andNotIntermediate	1
YGR254W_fc_intermediate_1	1
YGR255C_fc	1
YGR256W_fc	1
YGR256W_fc_intermediate_1	1
YGR260W_fc	1
YGR262C_fc	1
YGR264C_fc	1
YGR264C_fc_intermediate_1	1
YGR267C_fc	1
YGR279C_fc	1
YGR279C_fc_andNotIntermediate	1
YGR279C_fc_intermediate_1	1
YGR279C_fc_intermediate_2	1
YGR280C_fc	1
YGR282C_fc	1
YGR282C_fc_intermediate_1	1
YGR284C_fc	1
YGR285C_fc	1
YGR285C_fc_intermediate_1	1
YGR285C_fc_intermediate_2	1
YGR286C_fc	1
YGR295C_fc	1
YHL001W_fc	1
YHL001W_fc_intermediate_1	1
YHL001W_fc_intermediate_2	1
YHL002W_fc	1
YHL003C_fc	1
YHL004W_fc	1
YHL008C_fc	1
YHL009C_fc	1
YHL011C_fc	1
YHL013C_fc	1
YHL020C_fc	1
YHL021C_fc	1
YHL021C_fc_intermediate_1	1
YHL025W_fc	1
YHL027W_fc	1
YHL027W_fc_intermediate_1	1
YHL031C_fc	1
YHL032C_fc	1
YHL033C_fc	1
YHL033C_fc_intermediate_1	1
YHL034C_fc	1
YHL036W_fc	1
YHL048W_fc	1
YHR001W_fc	1
YHR006W_fc	1
YHR007C_fc	1
YHR007C_fc_intermediate_1	1
YHR007C_fc_intermediate_2	1
YHR007C_fc_intermediate_3	1
YHR008C_fc	1
YHR008C_fc_intermediate_1	1
YHR008C_fc_intermediate_2	1
YHR009C_fc	1
YHR010W_fc	1
YHR012W_fc	1
YHR013C_fc	1
YHR018C_fc	1
YHR019C_fc	1
YHR020W_fc	1
YHR021C_fc	1
YHR024C_fc	1
YHR025W_fc	1
YHR026W_fc	1
YHR027C_fc	1
YHR028C_fc	1
YHR029C_fc	1
YHR030C_fc	1
YHR030C_fc_andNotIntermediate	1
YHR030C_fc_intermediate_1	1
YHR030C_fc_intermediate_2	1
YHR033W_fc	1
YHR033W_fc_intermediate_1	1
YHR033W_fc_intermediate_2	1
YHR037W_fc	1
YHR039C_fc	1
YHR041C_fc	1
YHR042W_fc	1
YHR043C_fc	1
YHR047C_fc	1
YHR049W_fc	1
YHR050W_fc	1
YHR051W_fc	1
YHR051W_fc_intermediate_1	1
YHR052W_fc	1
YHR052W_fc_intermediate_1	1
YHR052W_fc_intermediate_2	1
YHR057C_fc	1
YHR063C_fc	1
YHR064C_fc	1
YHR064C_fc_intermediate_1	1
YHR065C_fc	1
YHR066W_fc	1
YHR068W_fc	1
YHR068W_fc_intermediate_1	1
YHR068W_fc_intermediate_2	1
YHR070W_fc	1
YHR071W_fc	1
YHR074W_fc	1
YHR081W_fc	1
YHR083W_fc	1
YHR084W_fc	1
YHR087W_fc	1
YHR087W_fc_intermediate_1	1
YHR088W_fc	1
YHR089C_fc	1
YHR089C_fc_intermediate_1	1
YHR090C_fc	1
YHR092C_fc	1
YHR094C_fc	1
YHR094C_fc_intermediate_1	1
YHR096C_fc	1
YHR096C_fc_intermediate_1	1
YHR096C_fc_intermediate_2	1
YHR097C_fc	1
YHR098C_fc	1
YHR099W_fc	1
YHR104W_fc	1
YHR104W_fc_andNotIntermediate	1
YHR104W_fc_intermediate_1	1
YHR104W_fc_intermediate_2	1
YHR107C_fc	1
YHR110W_fc	1
YHR110W_fc_intermediate_1	1
YHR112C_fc	1
YHR113W_fc	1
YHR121W_fc	1
YHR122W_fc	1
YHR123W_fc	1
YHR124W_fc	1
YHR128W_fc	1
YHR132C_fc	1
YHR135C_fc	1
YHR136C_fc	1
YHR136C_fc_intermediate_1	1
YHR136C_fc_intermediate_2	1
YHR137W_fc	1
YHR137W_fc_intermediate_1	1
YHR137W_fc_intermediate_2	1
YHR138C_fc	1
YHR138C_fc_intermediate_1	1
YHR140W_fc	1
YHR140W_fc_andNotIntermediate	1
YHR140W_fc_intermediate_1	1
YHR140W_fc_intermediate_2	1
YHR140W_fc_intermediate_3	1
YHR141C_fc	1
YHR142W_fc	1
YHR142W_fc_intermediate_1	1
YHR143W_fc	1
YHR143W_fc_intermediate_1	1
YHR143W_fc_intermediate_2	1
YHR146W_fc	1
YHR146W_fc_intermediate_1	1
YHR147C_fc	1
YHR150W_fc	1
YHR161C_fc	1
YHR162W_fc	1
YHR162W_fc_intermediate_1	1
YHR162W_fc_intermediate_2	1
YHR163W_fc	1
YHR170W_fc	1
YHR170W_fc_intermediate_1	1
YHR170W_fc_intermediate_2	1
YHR174W_fc	1
YHR175W_fc	1
YHR178W_fc	1
YHR179W_fc	1
YHR181W_fc	1
YHR183W_fc	1
YHR183W_fc_intermediate_1	1
YHR190W_fc	1
YHR193C_fc	1
YHR193C_fc_intermediate_1	1
YHR193C_fc_intermediate_2	1
YHR194W_fc	1
YHR195W_fc	1
YHR196W_fc	1
YHR198C_fc	1
YHR199C_fc	1
YHR200W_fc	1
YHR201C_fc	1
YHR203C_fc	1
YHR205W_fc	1
YHR206W_fc	1
YHR208W_fc	1
YHR215W_fc	1
YHR216W_fc	1
YIL003W_fc	1
YIL004C_fc	1
YIL009W_fc	1
YIL009W_fc_intermediate_1	1
YIL010W_fc	1
YIL016W_fc	1
YIL018W_fc	1
YIL018W_fc_intermediate_1	1
YIL020C_fc	1
YIL021W_fc	1
YIL022W_fc	1
YIL027C_fc	1
YIL033C_fc	1
YIL033C_fc_intermediate_1	1
YIL034C_fc	1
YIL035C_fc	1
YIL036W_fc	1
YIL039W_fc	1
YIL040W_fc	1
YIL041W_fc	1
YIL043C_fc	1
YIL044C_fc	1
YIL045W_fc	1
YIL046W_fc	1
YIL050W_fc	1
YIL051C_fc	1
YIL052C_fc	1
YIL053W_fc	1
YIL053W_fc_intermediate_1	1
YIL056W_fc	1
YIL056W_fc_intermediate_1	1
YIL056W_fc_intermediate_2	1
YIL057C_fc	1
YIL057C_fc_intermediate_1	1
YIL062C_fc	1
YIL064W_fc	1
YIL065C_fc	1
YIL069C_fc	1
YIL070C_fc	1
YIL074C_fc	1
YIL074C_fc_intermediate_1	1
YIL074C_fc_intermediate_2	1
YIL075C_fc	1
YIL076W_fc	1
YIL076W_fc_intermediate_1	1
YIL076W_fc_intermediate_2	1
YIL077C_fc	1
YIL077C_fc_intermediate_1	1
YIL077C_fc_intermediate_2	1
YIL077C_fc_intermediate_3	1
YIL078W_fc	1
YIL079C_fc	1
YIL083C_fc	1
YIL087C_fc	1
YIL090W_fc	1
YIL094C_fc	1
YIL094C_fc_andNotIntermediate	1
YIL094C_fc_intermediate_1	1
YIL101C_fc	1
YIL101C_fc_intermediate_1	1
YIL101C_fc_intermediate_2	1
YIL103W_fc	1
YIL105C_fc	1
YIL106W_fc	1
YIL106W_fc_intermediate_1	1
YIL107C_fc	1
YIL108W_fc	1
YIL109C_fc	1
YIL111W_fc	1
YIL114C_fc	1
YIL116W_fc	1
YIL118W_fc	1
YIL118W_fc_andNotIntermediate	1
YIL118W_fc_intermediate_1	1
YIL118W_fc_intermediate_2	1
YIL119C_fc	1
YIL121W_fc	1
YIL123W_fc	1
YIL123W_fc_andNotIntermediate	1
YIL123W_fc_intermediate_1	1
YIL123W_fc_intermediate_2	1
YIL123W_fc_intermediate_3	1
YIL124W_fc	1
YIL126W_fc	1
YIL127C_fc	1
YIL131C_fc	1
YIL133C_fc	1
YIL133C_fc_intermediate_1	1
YIL136W_fc	1
YIL136W_fc_andNotIntermediate	1
YIL136W_fc_intermediate_1	1
YIL138C_fc	1
YIL142W_fc	1
YIL145C_fc	1
YIL146C_fc	1
YIL148W_fc	1
YIL154C_fc	1
YIL155C_fc	1
YIL157C_fc	1
YIL158W_fc	1
YIL160C_fc	1
YIL162W_fc	1
YIL162W_fc_intermediate_1	1
YIL165C_fc	1
YIR004W_fc	1
YIR006C_fc	1
YIR016W_fc	1
YIR017C_fc	1
YIR018W_fc	1
YIR022W_fc	1
YIR023W_fc	1
YIR026C_fc	1
YIR028W_fc	1
YIR029W_fc	1
YIR030C_fc	1
YIR031C_fc	1
YIR032C_fc	1
YIR033W_fc	1
YIR034C_fc	1
YIR035C_fc	1
YIR036C_fc	1
YIR037W_fc	1
YIR038C_fc	1
YIR038C_fc_andNotIntermediate	1
YIR038C_fc_intermediate_1	1
YIR038C_fc_intermediate_2	1
YIR038C_fc_intermediate_3	1
YIR038C_fc_intermediate_4	1
YJL001W_fc	1
YJL002C_fc	1
YJL003W_fc	1
YJL004C_fc	1
YJL008C_fc	1
YJL012C_fc	1
YJL024C_fc	1
YJL026W_fc	1
YJL033W_fc	1
YJL034W_fc	1
YJL036W_fc	1
YJL041W_fc	1
YJL042W_fc	1
YJL044C_fc	1
YJL048C_fc	1
YJL048C_fc_intermediate_1	1
YJL052W_fc	1
YJL052W_fc_intermediate_1	1
YJL052W_fc_intermediate_2	1
YJL053W_fc	1
YJL055W_fc	1
YJL056C_fc	1
YJL060W_fc	1
YJL060W_fc_intermediate_1	1
YJL060W_fc_intermediate_2	1
YJL060W_fc_intermediate_3	1
YJL061W_fc	1
YJL068C_fc	1
YJL069C_fc	1
YJL078C_fc	1
YJL078C_fc_intermediate_1	1
YJL079C_fc	1
YJL079C_fc_andNotIntermediate	1
YJL079C_fc_intermediate_1	1
YJL079C_fc_intermediate_2	1
YJL079C_fc_intermediate_3	1
YJL080C_fc	1
YJL081C_fc	1
YJL088W_fc	1
YJL088W_fc_intermediate_1	1
YJL088W_fc_intermediate_2	1
YJL088W_fc_intermediate_3	1
YJL089W_fc	1
YJL094C_fc	1
YJL096W_fc	1
YJL097W_fc	1
YJL100W_fc	1
YJL101C_fc	1
YJL101C_fc_andNotIntermediate	1
YJL101C_fc_intermediate_1	1
YJL101C_fc_intermediate_2	1
YJL104W_fc	1
YJL109C_fc	1
YJL110C_fc	1
YJL111W_fc	1
YJL115W_fc	1
YJL117W_fc	1
YJL117W_fc_intermediate_1	1
YJL122W_fc	1
YJL123C_fc	1
YJL124C_fc	1
YJL130C_fc	1
YJL134W_fc	1
YJL136C_fc	1
YJL138C_fc	1
YJL140W_fc	1
YJL143W_fc	1
YJL144W_fc	1
YJL145W_fc	1
YJL148W_fc	1
YJL148W_fc_andNotIntermediate	1
YJL148W_fc_intermediate_1	1
YJL148W_fc_intermediate_2	1
YJL148W_fc_intermediate_3	1
YJL149W_fc	1
YJL151C_fc	1
YJL151C_fc_intermediate_1	1
YJL154C_fc	1
YJL155C_fc	1
YJL158C_fc	1
YJL158C_fc_andNotIntermediate	1
YJL158C_fc_intermediate_1	1
YJL158C_fc_intermediate_2	1
YJL159W_fc	1
YJL159W_fc_andNotIntermediate	1
YJL159W_fc_intermediate_1	1
YJL159W_fc_intermediate_2	1
YJL161W_fc	1
YJL163C_fc	1
YJL164C_fc	1
YJL164C_fc_intermediate_1	1
YJL164C_fc_intermediate_2	1
YJL166W_fc	1
YJL166W_fc_andNotIntermediate	1
YJL166W_fc_intermediate_1	1
YJL166W_fc_intermediate_2	1
YJL167W_fc	1
YJL167W_fc_intermediate_1	1
YJL168C_fc	1
YJL172W_fc	1
YJL172W_fc_intermediate_1	1
YJL172W_fc_intermediate_2	1
YJL173C_fc	1
YJL174W_fc	1
YJL177W_fc	1
YJL178C_fc	1
YJL183W_fc	1
YJL184W_fc	1
YJL186W_fc	1
YJL190C_fc	1
YJL191W_fc	1
YJL192C_fc	1
YJL194W_fc	1
YJL196C_fc	1
YJL196C_fc_intermediate_1	1
YJL196C_fc_intermediate_2	1
YJL200C_fc	1
YJL210W_fc	1
YJL210W_fc_andNotIntermediate	1
YJL210W_fc_intermediate_1	1
YJL210W_fc_intermediate_2	1
YJL217W_fc	1
YJR001W_fc	1
YJR002W_fc	1
YJR006W_fc	1
YJR007W_fc	1
YJR008W_fc	1
YJR009C_fc	1
YJR009C_fc_andNotIntermediate	1
YJR009C_fc_intermediate_1	1
YJR010W_fc	1
YJR011C_fc	1
YJR014W_fc	1
YJR015W_fc	1
YJR016C_fc	1
YJR017C_fc	1
YJR025C_fc	1
YJR042W_fc	1
YJR044C_fc	1
YJR045C_fc	1
YJR046W_fc	1
YJR048W_fc	1
YJR048W_fc_andNotIntermediate	1
YJR048W_fc_intermediate_1	1
YJR048W_fc_intermediate_2	1
YJR051W_fc	1
YJR056C_fc	1
YJR058C_fc	1
YJR059W_fc	1
YJR059W_fc_intermediate_1	1
YJR060W_fc	1
YJR063W_fc	1
YJR064W_fc	1
YJR065C_fc	1
YJR070C_fc	1
YJR072C_fc	1
YJR073C_fc	1
YJR074W_fc	1
YJR076C_fc	1
YJR077C_fc	1
YJR077C_fc_intermediate_1	1
YJR077C_fc_intermediate_2	1
YJR080C_fc	1
YJR082C_fc	1
YJR085C_fc	1
YJR088C_fc	1
YJR093C_fc	1
YJR096W_fc	1
YJR096W_fc_intermediate_1	1
YJR096W_fc_intermediate_2	1
YJR100C_fc	1
YJR101W_fc	1
YJR103W_fc	1
YJR103W_fc_intermediate_1	1
YJR104C_fc	1
YJR105W_fc	1
YJR105W_fc_intermediate_1	1
YJR109C_fc	1
YJR113C_fc	1
YJR117W_fc	1
YJR118C_fc	1
YJR118C_fc_intermediate_1	1
YJR118C_fc_intermediate_2	1
YJR120W_fc	1
YJR120W_fc_intermediate_1	1
YJR121W_fc	1
YJR121W_fc_intermediate_1	1
YJR121W_fc_intermediate_2	1
YJR123W_fc	1
YJR123W_fc_intermediate_1	1
YJR125C_fc	1
YJR126C_fc	1
YJR130C_fc	1
YJR133W_fc	1
YJR133W_fc_intermediate_1	1
YJR133W_fc_intermediate_2	1
YJR137C_fc	1
YJR137C_fc_intermediate_1	1
YJR139C_fc	1
YJR142W_fc	1
YJR143C_fc	1
YJR144W_fc	1
YJR145C_fc	1
YJR145C_fc_intermediate_1	1
YJR145C_fc_intermediate_2	1
YJR145C_fc_intermediate_3	1
YJR152W_fc	1
YKL001C_fc	1
YKL001C_fc_andNotIntermediate	1
YKL001C_fc_intermediate_1	1
YKL001C_fc_intermediate_2	1
YKL003C_fc	1
YKL004W_fc	1
YKL005C_fc	1
YKL006W_fc	1
YKL007W_fc	1
YKL007W_fc_andNotIntermediate	1
YKL007W_fc_intermediate_1	1
YKL008C_fc	1
YKL008C_fc_andNotIntermediate	1
YKL008C_fc_intermediate_1	1
YKL008C_fc_intermediate_2	1
YKL009W_fc	1
YKL009W_fc_intermediate_1	1
YKL009W_fc_intermediate_2	1
YKL010C_fc	1
YKL012W_fc	1
YKL013C_fc	1
YKL015W_fc	1
YKL016C_fc	1
YKL019W_fc	1
YKL019W_fc_intermediate_1	1
YKL020C_fc	1
YKL021C_fc	1
YKL023W_fc	1
YKL024C_fc	1
YKL025C_fc	1
YKL026C_fc	1
YKL028W_fc	1
YKL032C_fc	1
YKL035W_fc	1
YKL035W_fc_intermediate_1	1
YKL038W_fc	1
YKL039W_fc	1
YKL040C_fc	1
YKL041W_fc	1
YKL043W_fc	1
YKL043W_fc_intermediate_1	1
YKL043W_fc_intermediate_2	1
YKL043W_fc_intermediate_3	1
YKL043W_fc_intermediate_4	1
YKL045W_fc	1
YKL054C_fc	1
YKL056C_fc	1
YKL057C_fc	1
YKL058W_fc	1
YKL058W_fc_intermediate_1	1
YKL060C_fc	1
YKL060C_fc_intermediate_1	1
YKL062W_fc	1
YKL062W_fc_intermediate_1	1
YKL062W_fc_intermediate_2	1
YKL063C_fc	1
YKL065C_fc	1
YKL067W_fc	1
YKL067W_fc_intermediate_1	1
YKL067W_fc_intermediate_2	1
YKL069W_fc	1
YKL073W_fc	1
YKL077W_fc	1
YKL080W_fc	1
YKL081W_fc	1
YKL085W_fc	1
YKL085W_fc_intermediate_1	1
YKL085W_fc_intermediate_2	1
YKL086W_fc	1
YKL087C_fc	1
YKL091C_fc	1
YKL091C_fc_andNotIntermediate	1
YKL091C_fc_intermediate_1	1
YKL091C_fc_intermediate_2	1
YKL093W_fc	1
YKL094W_fc	1
YKL094W_fc_intermediate_1	1
YKL096W_fc	1
YKL096W_fc_intermediate_1	1
YKL096W_fc_intermediate_2	1
YKL096W_fc_intermediate_3	1
YKL098W_fc	1
YKL103C_fc	1
YKL103C_fc_intermediate_1	1
YKL103C_fc_intermediate_2	1
YKL103C_fc_intermediate_3	1
YKL104C_fc	1
YKL109W_fc	1
YKL109W_fc_andNotIntermediate	1
YKL109W_fc_intermediate_1	1
YKL109W_fc_intermediate_2	1
YKL110C_fc	1
YKL112W_fc	1
YKL113C_fc	1
YKL114C_fc	1
YKL117W_fc	1
YKL120W_fc	1
YKL126W_fc	1
YKL127W_fc	1
YKL128C_fc	1
YKL130C_fc	1
YKL140W_fc	1
YKL141W_fc	1
YKL142W_fc	1
YKL143W_fc	1
YKL145W_fc	1
YKL146W_fc	1
YKL150W_fc	1
YKL150W_fc_intermediate_1	1
YKL150W_fc_intermediate_2	1
YKL152C_fc	1
YKL154W_fc	1
YKL156W_fc	1
YKL157W_fc	1
YKL157W_fc_intermediate_1	1
YKL160W_fc	1
YKL163W_fc	1
YKL163W_fc_intermediate_1	1
YKL163W_fc_intermediate_2	1
YKL164C_fc	1
YKL164C_fc_andNotIntermediate	1
YKL164C_fc_intermediate_1	1
YKL165C_fc	1
YKL167C_fc	1
YKL172W_fc	1
YKL175W_fc	1
YKL176C_fc	1
YKL180W_fc	1
YKL181W_fc	1
YKL181W_fc_intermediate_1	1
YKL182W_fc	1
YKL182W_fc_intermediate_1	1
YKL185W_fc	1
YKL186C_fc	1
YKL186C_fc_intermediate_1	1
YKL189W_fc	1
YKL190W_fc	1
YKL191W_fc	1
YKL192C_fc	1
YKL192C_fc_intermediate_1	1
YKL195W_fc	1
YKL196C_fc	1
YKL198C_fc	1
YKL201C_fc	1
YKL206C_fc	1
YKL207W_fc	1
YKL210W_fc	1
YKL212W_fc	1
YKL216W_fc	1
YKL216W_fc_intermediate_1	1
YKL217W_fc	1
YKL218C_fc	1
YKR001C_fc	1
YKR003W_fc	1
YKR006C_fc	1
YKR007W_fc	1
YKR009C_fc	1
YKR009C_fc_intermediate_1	1
YKR011C_fc	1
YKR013W_fc	1
YKR013W_fc_intermediate_1	1
YKR013W_fc_intermediate_2	1
YKR013W_fc_intermediate_3	1
YKR016W_fc	1
YKR018C_fc	1
YKR026C_fc	1
YKR034W_fc	1
YKR039W_fc	1
YKR039W_fc_intermediate_1	1
YKR039W_fc_intermediate_2	1
YKR042W_fc	1
YKR042W_fc_andNotIntermediate	1
YKR042W_fc_intermediate_1	1
YKR042W_fc_intermediate_2	1
YKR042W_fc_intermediate_3	1
YKR043C_fc	1
YKR043C_fc_intermediate_1	1
YKR043C_fc_intermediate_2	1
YKR046C_fc	1
YKR046C_fc_intermediate_1	1
YKR048C_fc	1
YKR049C_fc	1
YKR052C_fc	1
YKR052C_fc_intermediate_1	1
YKR052C_fc_intermediate_2	1
YKR055W_fc	1
YKR056W_fc	1
YKR057W_fc	1
YKR059W_fc	1
YKR062W_fc	1
YKR065C_fc	1
YKR066C_fc	1
YKR067W_fc	1
YKR068C_fc	1
YKR070W_fc	1
YKR071C_fc	1
YKR074W_fc	1
YKR076W_fc	1
YKR080W_fc	1
YKR080W_fc_intermediate_1	1
YKR080W_fc_intermediate_2	1
YKR081C_fc	1
YKR081C_fc_andNotIntermediate	1
YKR081C_fc_intermediate_1	1
YKR081C_fc_intermediate_2	1
YKR085C_fc	1
YKR087C_fc	1
YKR087C_fc_intermediate_1	1
YKR089C_fc	1
YKR091W_fc	1
YKR092C_fc	1
YKR092C_fc_intermediate_1	1
YKR094C_fc	1
YKR099W_fc	1
YLL001W_fc	1
YLL008W_fc	1
YLL009C_fc	1
YLL011W_fc	1
YLL014W_fc	1
YLL018C_fc	1
YLL018C_fc_intermediate_1	1
YLL018C_fc_intermediate_2	1
YLL022C_fc	1
YLL023C_fc	1
YLL023C_fc_andNotIntermediate	1
YLL023C_fc_intermediate_1	1
YLL023C_fc_intermediate_2	1
YLL023C_fc_intermediate_3	1
YLL024C_fc	1
YLL024C_fc_intermediate_1	1
YLL024C_fc_intermediate_2	1
YLL026W_fc	1
YLL026W_fc_andNotIntermediate	1
YLL026W_fc_intermediate_1	1
YLL027W_fc	1
YLL028W_fc	1
YLL029W_fc	1
YLL039C_fc	1
YLL039C_fc_intermediate_1	1
YLL041C_fc	1
YLL045C_fc	1
YLL050C_fc	1
YLL051C_fc	1
YLL055W_fc	1
YLL061W_fc	1
YLR003C_fc	1
YLR005W_fc	1
YLR007W_fc	1
YLR009W_fc	1
YLR013W_fc	1
YLR014C_fc	1
YLR017W_fc	1
YLR019W_fc	1
YLR023C_fc	1
YLR023C_fc_intermediate_1	1
YLR023C_fc_intermediate_2	1
YLR026C_fc	1
YLR027C_fc	1
YLR027C_fc_intermediate_1	1
YLR028C_fc	1
YLR029C_fc	1
YLR029C_fc_intermediate_1	1
YLR033W_fc	1
YLR034C_fc	1
YLR034C_fc_intermediate_1	1
YLR038C_fc	1
YLR043C_fc	1
YLR044C_fc	1
YLR044C_fc_intermediate_1	1
YLR048W_fc	1
YLR048W_fc_intermediate_1	1
YLR049C_fc	1
YLR049C_fc_intermediate_1	1
YLR050C_fc	1
YLR051C_fc	1
YLR052W_fc	1
YLR056W_fc	1
YLR056W_fc_intermediate_1	1
YLR056W_fc_intermediate_2	1
YLR058C_fc	1
YLR058C_fc_intermediate_1	1
YLR060W_fc	1
YLR060W_fc_intermediate_1	1
YLR060W_fc_intermediate_2	1
YLR061W_fc	1
YLR061W_fc_intermediate_1	1
YLR064W_fc	1
YLR066W_fc	1
YLR073C_fc	1
YLR074C_fc	1
YLR075W_fc	1
YLR078C_fc	1
YLR079W_fc	1
YLR082C_fc	1
YLR089C_fc	1
YLR089C_fc_intermediate_1	1
YLR089C_fc_intermediate_2	1
YLR090W_fc	1
YLR092W_fc	1
YLR093C_fc	1
YLR100W_fc	1
YLR102C_fc	1
YLR104W_fc	1
YLR105C_fc	1
YLR106C_fc	1
YLR107W_fc	1
YLR108C_fc	1
YLR108C_fc_intermediate_1	1
YLR109W_fc	1
YLR109W_fc_andNotIntermediate	1
YLR109W_fc_intermediate_1	1
YLR109W_fc_intermediate_2	1
YLR109W_fc_intermediate_3	1
YLR110C_fc	1
YLR110C_fc_intermediate_1	1
YLR110C_fc_intermediate_2	1
YLR113W_fc	1
YLR113W_fc_intermediate_1	1
YLR114C_fc	1
YLR117C_fc	1
YLR118C_fc	1
YLR120C_fc	1
YLR129W_fc	1
YLR130C_fc	1
YLR131C_fc	1
YLR139C_fc	1
YLR142W_fc	1
YLR146C_fc	1
YLR149C_fc	1
YLR150W_fc	1
YLR150W_fc_intermediate_1	1
YLR152C_fc	1
YLR153C_fc	1
YLR153C_fc_intermediate_1	1
YLR153C_fc_intermediate_2	1
YLR163C_fc	1
YLR164W_fc	1
YLR167W_fc	1
YLR168C_fc	1
YLR168C_fc_intermediate_1	1
YLR168C_fc_intermediate_2	1
YLR170C_fc	1
YLR172C_fc	1
YLR174W_fc	1
YLR175W_fc	1
YLR176C_fc	1
YLR177W_fc	1
YLR178C_fc	1
YLR178C_fc_intermediate_1	1
YLR179C_fc	1
YLR180W_fc	1
YLR180W_fc_intermediate_1	1
YLR180W_fc_intermediate_2	1
YLR185W_fc	1
YLR186W_fc	1
YLR190W_fc	1
YLR192C_fc	1
YLR193C_fc	1
YLR195C_fc	1
YLR196W_fc	1
YLR197W_fc	1
YLR199C_fc	1
YLR201C_fc	1
YLR203C_fc	1
YLR204W_fc	1
YLR208W_fc	1
YLR209C_fc	1
YLR216C_fc	1
YLR219W_fc	1
YLR220W_fc	1
YLR220W_fc_intermediate_1	1
YLR223C_fc	1
YLR225C_fc	1
YLR228C_fc	1
YLR229C_fc	1
YLR231C_fc	1
YLR244C_fc	1
YLR244C_fc_intermediate_1	1
YLR248W_fc	1
YLR249W_fc	1
YLR249W_fc_andNotIntermediate	1
YLR249W_fc_intermediate_1	1
YLR250W_fc	1
YLR253W_fc	1
YLR254C_fc	1
YLR256W_fc	1
YLR257W_fc	1
YLR257W_fc_intermediate_1	1
YLR257W_fc_intermediate_2	1
YLR258W_fc	1
YLR258W_fc_andNotIntermediate	1
YLR258W_fc_intermediate_1	1
YLR258W_fc_intermediate_2	1
YLR259C_fc	1
YLR264W_fc	1
YLR268W_fc	1
YLR270W_fc	1
YLR283W_fc	1
YLR284C_fc	1
YLR285W_fc	1
YLR286C_fc	1
YLR286C_fc_intermediate_1	1
YLR287C_fc	1
YLR291C_fc	1
YLR292C_fc	1
YLR293C_fc	1
YLR295C_fc	1
YLR297W_fc	1
YLR297W_fc_intermediate_1	1
YLR299W_fc	1
YLR300W_fc	1
YLR300W_fc_andNotIntermediate	1
YLR300W_fc_intermediate_1	1
YLR300W_fc_intermediate_2	1
YLR300W_fc_intermediate_3	1
YLR301W_fc	1
YLR303W_fc	1
YLR303W_fc_intermediate_1	1
YLR303W_fc_intermediate_2	1
YLR304C_fc	1
YLR304C_fc_intermediate_1	1
YLR304C_fc_intermediate_2	1
YLR314C_fc	1
YLR324W_fc	1
YLR325C_fc	1
YLR327C_fc	1
YLR327C_fc_intermediate_1	1
YLR327C_fc_intermediate_2	1
YLR328W_fc	1
YLR330W_fc	1
YLR332W_fc	1
YLR332W_fc_intermediate_1	1
YLR332W_fc_intermediate_2	1
YLR333C_fc	1
YLR335W_fc	1
YLR340W_fc	1
YLR342W_fc	1
YLR342W_fc_intermediate_1	1
YLR342W_fc_intermediate_2	1
YLR344W_fc	1
YLR345W_fc	1
YLR347C_fc	1
YLR350W_fc	1
YLR350W_fc_andNotIntermediate	1
YLR350W_fc_intermediate_1	1
YLR350W_fc_intermediate_2	1
YLR354C_fc	1
YLR355C_fc	1
YLR355C_fc_intermediate_1	1
YLR355C_fc_intermediate_2	1
YLR356W_fc	1
YLR359W_fc	1
YLR359W_fc_intermediate_1	1
YLR359W_fc_intermediate_2	1
YLR360W_fc	1
YLR367W_fc	1
YLR372W_fc	1
YLR375W_fc	1
YLR378C_fc	1
YLR380W_fc	1
YLR387C_fc	1
YLR388W_fc	1
YLR389C_fc	1
YLR395C_fc	1
YLR399C_fc	1
YLR399C_fc_intermediate_1	1
YLR403W_fc	1
YLR405W_fc	1
YLR406C_fc	1
YLR409C_fc	1
YLR410W_fc	1
YLR412W_fc	1
YLR413W_fc	1
YLR414C_fc	1
YLR414C_fc_intermediate_1	1
YLR414C_fc_intermediate_2	1
YLR414C_fc_intermediate_3	1
YLR420W_fc	1
YLR421C_fc	1
YLR429W_fc	1
YLR432W_fc	1
YLR432W_fc_andNotIntermediate	1
YLR432W_fc_intermediate_1	1
YLR432W_fc_intermediate_2	1
YLR437C_fc	1
YLR437C_fc_intermediate_1	1
YLR437C_fc_intermediate_2	1
YLR438W_fc	1
YLR438W_fc_intermediate_1	1
YLR439W_fc	1
YLR439W_fc_intermediate_1	1
YLR439W_fc_intermediate_2	1
YLR441C_fc	1
YLR447C_fc	1
YLR448W_fc	1
YLR449W_fc	1
YLR449W_fc_intermediate_1	1
YLR449W_fc_intermediate_2	1
YLR451W_fc	1
YLR459W_fc	1
YML001W_fc	1
YML004C_fc	1
YML004C_fc_intermediate_1	1
YML004C_fc_intermediate_2	1
YML004C_fc_intermediate_3	1
YML007W_fc	1
YML008C_fc	1
YML009C_fc	1
YML012W_fc	1
YML018C_fc	1
YML019W_fc	1
YML022W_fc	1
YML024W_fc	1
YML026C_fc	1
YML027W_fc	1
YML028W_fc	1
YML028W_fc_intermediate_1	1
YML030W_fc	1
YML031W_fc	1
YML035C_fc	1
YML038C_fc	1
YML041C_fc	1
YML048W_fc	1
YML051W_fc	1
YML052W_fc	1
YML052W_fc_intermediate_1	1
YML052W_fc_intermediate_2	1
YML053C_fc	1
YML053C_fc_intermediate_1	1
YML054C_fc	1
YML055W_fc	1
YML056C_fc	1
YML056C_fc_intermediate_1	1
YML057W_fc	1
YML058W_fc	1
YML063W_fc	1
YML067C_fc	1
YML069W_fc	1
YML070W_fc	1
YML070W_fc_intermediate_1	1
YML070W_fc_intermediate_2	1
YML072C_fc	1
YML073C_fc	1
YML074C_fc	1
YML074C_fc_intermediate_1	1
YML075C_fc	1
YML078W_fc	1
YML079W_fc	1
YML085C_fc	1
YML086C_fc	1
YML092C_fc	1
YML097C_fc	1
YML098W_fc	1
YML099C_fc	1
YML100W_fc	1
YML100W_fc_intermediate_1	1
YML101C_fc	1
YML105C_fc	1
YML106W_fc	1
YML110C_fc	1
YML115C_fc	1
YML119W_fc	1
YML120C_fc	1
YML120C_fc_intermediate_1	1
YML121W_fc	1
YML123C_fc	1
YML123C_fc_intermediate_1	1
YML123C_fc_intermediate_2	1
YML125C_fc	1
YML125C_fc_andNotIntermediate	1
YML125C_fc_intermediate_1	1
YML126C_fc	1
YML128C_fc	1
YML129C_fc	1
YML130C_fc	1
YML131W_fc	1
YML131W_fc_intermediate_1	1
YMR001C_fc	1
YMR002W_fc	1
YMR002W_fc_intermediate_1	1
YMR002W_fc_intermediate_2	1
YMR005W_fc	1
YMR006C_fc	1
YMR006C_fc_intermediate_1	1
YMR008C_fc	1
YMR008C_fc_intermediate_1	1
YMR009W_fc	1
YMR011W_fc	1
YMR011W_fc_intermediate_1	1
YMR011W_fc_intermediate_2	1
YMR012W_fc	1
YMR015C_fc	1
YMR015C_fc_intermediate_1	1
YMR016C_fc	1
YMR019W_fc	1
YMR021C_fc	1
YMR022W_fc	1
YMR024W_fc	1
YMR026C_fc	1
YMR027W_fc	1
YMR030W_fc	1
YMR031C_fc	1
YMR033W_fc	1
YMR037C_fc	1
YMR038C_fc	1
YMR039C_fc	1
YMR040W_fc	1
YMR041C_fc	1
YMR042W_fc	1
YMR043W_fc	1
YMR044W_fc	1
YMR049C_fc	1
YMR054W_fc	1
YMR056C_fc	1
YMR058W_fc	1
YMR058W_fc_andNotIntermediate	1
YMR058W_fc_intermediate_1	1
YMR058W_fc_intermediate_2	1
YMR059W_fc	1
YMR062C_fc	1
YMR070W_fc	1
YMR072W_fc	1
YMR072W_fc_intermediate_1	1
YMR073C_fc	1
YMR079W_fc	1
YMR083W_fc	1
YMR088C_fc	1
YMR090W_fc	1
YMR091C_fc	1
YMR092C_fc	1
YMR093W_fc	1
YMR099C_fc	1
YMR105C_fc	1
YMR105C_fc_intermediate_1	1
YMR105C_fc_intermediate_2	1
YMR105C_fc_intermediate_3	1
YMR105C_fc_intermediate_4	1
YMR107W_fc	1
YMR108W_fc	1
YMR110C_fc	1
YMR116C_fc	1
YMR116C_fc_intermediate_1	1
YMR120C_fc	1
YMR120C_fc_intermediate_1	1
YMR121C_fc	1
YMR121C_fc_intermediate_1	1
YMR123W_fc	1
YMR123W_fc_intermediate_1	1
YMR125W_fc	1
YMR130W_fc	1
YMR131C_fc	1
YMR134W_fc	1
YMR135C_fc	1
YMR136W_fc	1
YMR136W_fc_intermediate_1	1
YMR136W_fc_intermediate_2	1
YMR139W_fc	1
YMR139W_fc_intermediate_1	1
YMR142C_fc	1
YMR143W_fc	1
YMR145C_fc	1
YMR145C_fc_intermediate_1	1
YMR146C_fc	1
YMR146C_fc_intermediate_1	1
YMR148W_fc	1
YMR152W_fc	1
YMR157C_fc	1
YMR164C_fc	1
YMR169C_fc	1
YMR170C_fc	1
YMR171C_fc	1
YMR171C_fc_intermediate_1	1
YMR172W_fc	1
YMR174C_fc	1
YMR175W_fc	1
YMR178W_fc	1
YMR181C_fc	1
YMR181C_fc_intermediate_1	1
YMR181C_fc_intermediate_2	1
YMR182C_fc	1
YMR183C_fc	1
YMR184W_fc	1
YMR186W_fc	1
YMR186W_fc_intermediate_1	1
YMR186W_fc_intermediate_2	1
YMR188C_fc	1
YMR189W_fc	1
YMR189W_fc_intermediate_1	1
YMR192W_fc	1
YMR193W_fc	1
YMR194W_fc	1
YMR194W_fc_intermediate_1	1
YMR195W_fc	1
YMR195W_fc_andNotIntermediate	1
YMR195W_fc_intermediate_1	1
YMR195W_fc_intermediate_2	1
YMR195W_fc_intermediate_3	1
YMR195W_fc_intermediate_4	1
YMR195W_fc_intermediate_5	1
YMR196W_fc	1
YMR197C_fc	1
YMR199W_fc	1
YMR200W_fc	1
YMR202W_fc	1
YMR203W_fc	1
YMR205C_fc	1
YMR208W_fc	1
YMR209C_fc	1
YMR215W_fc	1
YMR216C_fc	1
YMR217W_fc	1
YMR217W_fc_intermediate_1	1
YMR220W_fc	1
YMR222C_fc	1
YMR226C_fc	1
YMR229C_fc	1
YMR230W_fc	1
YMR235C_fc	1
YMR236W_fc	1
YMR237W_fc	1
YMR238W_fc	1
YMR241W_fc	1
YMR241W_fc_andNotIntermediate	1
YMR241W_fc_intermediate_1	1
YMR241W_fc_intermediate_2	1
YMR242C_fc	1
YMR243C_fc	1
YMR246W_fc	1
YMR246W_fc_andNotIntermediate	1
YMR246W_fc_intermediate_1	1
YMR246W_fc_intermediate_2	1
YMR250W_fc	1
YMR255W_fc	1
YMR256C_fc	1
YMR258C_fc	1
YMR260C_fc	1
YMR261C_fc	1
YMR264W_fc	1
YMR266W_fc	1
YMR271C_fc	1
YMR272C_fc	1
YMR272C_fc_intermediate_1	1
YMR272C_fc_intermediate_2	1
YMR276W_fc	1
YMR280C_fc	1
YMR281W_fc	1
YMR286W_fc	1
YMR289W_fc	1
YMR290C_fc	1
YMR290C_fc_andNotIntermediate	1
YMR290C_fc_intermediate_1	1
YMR291W_fc	1
YMR292W_fc	1
YMR295C_fc	1
YMR296C_fc	1
YMR297W_fc	1
YMR298W_fc	1
YMR298W_fc_intermediate_1	1
YMR300C_fc	1
YMR300C_fc_intermediate_1	1
YMR300C_fc_intermediate_2	1
YMR302C_fc	1
YMR305C_fc	1
YMR305C_fc_intermediate_1	1
YMR307W_fc	1
YMR307W_fc_andNotIntermediate	1
YMR307W_fc_intermediate_1	1
YMR307W_fc_intermediate_2	1
YMR308C_fc	1
YMR309C_fc	1
YMR310C_fc	1
YMR312W_fc	1
YMR313C_fc	1
YMR314W_fc	1
YMR315W_fc	1
YMR315W_fc_andNotIntermediate	1
YMR315W_fc_intermediate_1	1
YMR316W_fc	1
YMR318C_fc	1
YNL001W_fc	1
YNL002C_fc	1
YNL002C_fc_intermediate_1	1
YNL002C_fc_intermediate_2	1
YNL004W_fc	1
YNL005C_fc	1
YNL006W_fc	1
YNL007C_fc	1
YNL008C_fc	1
YNL010W_fc	1
YNL016W_fc	1
YNL025C_fc	1
YNL027W_fc	1
YNL030W_fc	1
YNL031C_fc	1
YNL031C_fc_intermediate_1	1
YNL032W_fc	1
YNL036W_fc	1
YNL036W_fc_intermediate_1	1
YNL036W_fc_intermediate_2	1
YNL036W_fc_intermediate_3	1
YNL037C_fc	1
YNL037C_fc_intermediate_1	1
YNL037C_fc_intermediate_2	1
YNL040W_fc	1
YNL041C_fc	1
YNL044W_fc	1
YNL045W_fc	1
YNL046W_fc	1
YNL048W_fc	0
YNL051W_fc	1
YNL052W_fc	1
YNL055C_fc	1
YNL055C_fc_intermediate_1	1
YNL056W_fc	1
YNL056W_fc_intermediate_1	1
YNL058C_fc	1
YNL058C_fc_andNotIntermediate	1
YNL058C_fc_intermediate_1	1
YNL058C_fc_intermediate_2	1
YNL058C_fc_intermediate_3	1
YNL058C_fc_intermediate_4	1
YNL059C_fc	1
YNL062C_fc	1
YNL063W_fc	1
YNL064C_fc	1
YNL066W_fc	1
YNL066W_fc_intermediate_1	1
YNL066W_fc_intermediate_2	1
YNL067W_fc	1
YNL067W_fc_andNotIntermediate	1
YNL067W_fc_intermediate_1	1
YNL067W_fc_intermediate_2	1
YNL068C_fc	1
YNL069C_fc	1
YNL069C_fc_intermediate_1	1
YNL070W_fc	1
YNL071W_fc	1
YNL074C_fc	1
YNL077W_fc	1
YNL078W_fc	1
YNL078W_fc_intermediate_1	1
YNL079C_fc	1
YNL080C_fc	1
YNL081C_fc	1
YNL084C_fc	1
YNL085W_fc	1
YNL087W_fc	1
YNL088W_fc	1
YNL090W_fc	1
YNL094W_fc	1
YNL096C_fc	1
YNL098C_fc	1
YNL099C_fc	1
YNL100W_fc	1
YNL101W_fc	1
YNL103W_fc	1
YNL104C_fc	1
YNL110C_fc	1
YNL111C_fc	1
YNL112W_fc	1
YNL115C_fc	1
YNL116W_fc	1
YNL117W_fc	1
YNL121C_fc	1
YNL124W_fc	1
YNL125C_fc	1
YNL129W_fc	1
YNL130C_fc	1
YNL131W_fc	1
YNL132W_fc	1
YNL134C_fc	1
YNL134C_fc_intermediate_1	1
YNL134C_fc_intermediate_2	1
YNL134C_fc_intermediate_3	1
YNL135C_fc	1
YNL135C_fc_intermediate_1	1
YNL138W_fc	1
YNL141W_fc	1
YNL141W_fc_intermediate_1	1
YNL142W_fc	1
YNL142W_fc_intermediate_1	1
YNL147W_fc	1
YNL149C_fc	1
YNL153C_fc	1
YNL154C_fc	1
YNL155W_fc	1
YNL156C_fc	1
YNL157W_fc	1
YNL157W_fc_intermediate_1	1
YNL160W_fc	1
YNL160W_fc_andNotIntermediate	1
YNL160W_fc_intermediate_1	1
YNL160W_fc_intermediate_2	1
YNL160W_fc_intermediate_3	1
YNL160W_fc_intermediate_4	1
YNL162W_fc	1
YNL167C_fc	1
YNL168C_fc	1
YNL169C_fc	1
YNL173C_fc	1
YNL175C_fc	1
YNL176C_fc	1
YNL177C_fc	1
YNL178W_fc	1
YNL178W_fc_intermediate_1	1
YNL178W_fc_intermediate_2	1
YNL180C_fc	1
YNL180C_fc_intermediate_1	1
YNL180C_fc_intermediate_2	1
YNL180C_fc_intermediate_3	1
YNL182C_fc	1
YNL183C_fc	1
YNL185C_fc	1
YNL186W_fc	1
YNL189W_fc	1
YNL189W_fc_intermediate_1	1
YNL190W_fc	1
YNL190W_fc_intermediate_1	1
YNL190W_fc_intermediate_2	1
YNL191W_fc	1
YNL192W_fc	1
YNL192W_fc_intermediate_1	1
YNL193W_fc	1
YNL195C_fc	1
YNL197C_fc	1
YNL199C_fc	1
YNL208W_fc	1
YNL208W_fc_intermediate_1	1
YNL208W_fc_intermediate_2	1
YNL209W_fc	1
YNL212W_fc	1
YNL216W_fc	1
YNL217W_fc	1
YNL219C_fc	1
YNL220W_fc	1
YNL220W_fc_andNotIntermediate	1
YNL220W_fc_intermediate_1	1
YNL220W_fc_intermediate_2	1
YNL220W_fc_intermediate_3	1
YNL222W_fc	1
YNL229C_fc	1
YNL231C_fc	1
YNL231C_fc_intermediate_1	1
YNL232W_fc	1
YNL239W_fc	1
YNL241C_fc	1
YNL241C_fc_intermediate_1	1
YNL241C_fc_intermediate_2	1
YNL244C_fc	1
YNL244C_fc_intermediate_1	1
YNL248C_fc	1
YNL251C_fc	1
YNL255C_fc	1
YNL256W_fc	1
YNL258C_fc	1
YNL259C_fc	1
YNL263C_fc	1
YNL264C_fc	1
YNL265C_fc	1
YNL268W_fc	1
YNL274C_fc	1
YNL277W_fc	1
YNL277W_fc_intermediate_1	1
YNL277W_fc_intermediate_2	1
YNL280C_fc	1
YNL281W_fc	1
YNL283C_fc	1
YNL283C_fc_intermediate_1	1
YNL284C_fc	1
YNL287W_fc	1
YNL288W_fc	1
YNL289W_fc	1
YNL289W_fc_intermediate_1	1
YNL289W_fc_intermediate_2	1
YNL290W_fc	1
YNL300W_fc	1
YNL300W_fc_intermediate_1	1
YNL301C_fc	1
YNL302C_fc	1
YNL305C_fc	1
YNL305C_fc_intermediate_1	1
YNL305C_fc_intermediate_2	1
YNL306W_fc	1
YNL307C_fc	1
YNL307C_fc_intermediate_1	1
YNL308C_fc	1
YNL312W_fc	1
YNL312W_fc_intermediate_1	1
YNL312W_fc_intermediate_2	1
YNL314W_fc	1
YNL315C_fc	1
YNL322C_fc	1
YNL323W_fc	1
YNL327W_fc	1
YNL327W_fc_intermediate_1	1
YNL327W_fc_intermediate_2	1
YNL336W_fc	1
YNR001C_fc	1
YNR001C_fc_intermediate_1	1
YNR002C_fc	1
YNR007C_fc	1
YNR009W_fc	1
YNR013C_fc	1
YNR016C_fc	1
YNR017W_fc	1
YNR018W_fc	1
YNR018W_fc_andNotIntermediate	1
YNR018W_fc_intermediate_1	1
YNR018W_fc_intermediate_2	1
YNR021W_fc	1
YNR021W_fc_intermediate_1	1
YNR027W_fc	1
YNR028W_fc	1
YNR030W_fc	1
YNR034W_fc	1
YNR034W_fc_intermediate_1	1
YNR035C_fc	1
YNR036C_fc	1
YNR037C_fc	1
YNR041C_fc	1
YNR043W_fc	1
YNR046W_fc	1
YNR047W_fc	1
YNR050C_fc	1
YNR050C_fc_intermediate_1	1
YNR050C_fc_intermediate_2	1
YNR051C_fc	1
YNR052C_fc	1
YNR053C_fc	1
YNR053C_fc_andNotIntermediate	1
YNR053C_fc_intermediate_1	1
YNR053C_fc_intermediate_2	1
YNR053C_fc_intermediate_3	1
YNR055C_fc	1
YNR061C_fc	1
YNR067C_fc	1
YOL002C_fc	1
YOL005C_fc	1
YOL007C_fc	1
YOL010W_fc	1
YOL011W_fc	1
YOL011W_fc_intermediate_1	1
YOL011W_fc_intermediate_2	1
YOL012C_fc	1
YOL016C_fc	1
YOL019W_fc	1
YOL021C_fc	1
YOL022C_fc	1
YOL026C_fc	1
YOL026C_fc_intermediate_1	1
YOL026C_fc_intermediate_2	1
YOL027C_fc	1
YOL028C_fc	1
YOL036W_fc	1
YOL038W_fc	1
YOL039W_fc	1
YOL040C_fc	1
YOL041C_fc	1
YOL048C_fc	1
YOL049W_fc	1
YOL052C_fc	1
YOL053W_fc	1
YOL057W_fc	1
YOL058W_fc	1
YOL058W_fc_intermediate_1	1
YOL058W_fc_intermediate_2	1
YOL058W_fc_intermediate_3	1
YOL059W_fc	1
YOL059W_fc_andNotIntermediate	1
YOL059W_fc_intermediate_1	1
YOL060C_fc	1
YOL061W_fc	1
YOL062C_fc	1
YOL064C_fc	1
YOL067C_fc	1
YOL068C_fc	1
YOL071W_fc	1
YOL077C_fc	1
YOL081W_fc	1
YOL082W_fc	1
YOL083W_fc	1
YOL086C_fc	1
YOL089C_fc	1
YOL092W_fc	1
YOL102C_fc	1
YOL102C_fc_intermediate_1	1
YOL103W_fc	1
YOL108C_fc	1
YOL109W_fc	1
YOL109W_fc_intermediate_1	1
YOL109W_fc_intermediate_2	1
YOL109W_fc_intermediate_3	1
YOL110W_fc	1
YOL111C_fc	1
YOL116W_fc	1
YOL119C_fc	1
YOL119C_fc_intermediate_1	1
YOL120C_fc	1
YOL121C_fc	1
YOL121C_fc_intermediate_1	1
YOL122C_fc	1
YOL123W_fc	1
YOL123W_fc_intermediate_1	1
YOL123W_fc_intermediate_2	1
YOL124C_fc	1
YOL126C_fc	1
YOL126C_fc_intermediate_1	1
YOL126C_fc_intermediate_2	1
YOL126C_fc_intermediate_3	1
YOL127W_fc	1
YOL127W_fc_intermediate_1	1
YOL129W_fc	1
YOL133W_fc	1
YOL136C_fc	1
YOL139C_fc	1
YOL139C_fc_intermediate_1	1
YOL139C_fc_intermediate_2	1
YOL139C_fc_intermediate_3	1
YOL140W_fc	1
YOL143C_fc	1
YOL147C_fc	1
YOL151W_fc	1
YOL151W_fc_andNotIntermediate	1
YOL151W_fc_intermediate_1	1
YOL151W_fc_intermediate_2	1
YOL155C_fc	1
YOL155C_fc_intermediate_1	1
YOL155C_fc_intermediate_2	1
YOL155C_fc_intermediate_3	1
YOR001W_fc	1
YOR002W_fc	1
YOR004W_fc	1
YOR007C_fc	1
YOR008C_fc	1
YOR016C_fc	1
YOR019W_fc	1
YOR019W_fc_intermediate_1	1
YOR020C_fc	1
YOR021C_fc	1
YOR023C_fc	1
YOR025W_fc	1
YOR025W_fc_intermediate_1	1
YOR026W_fc	1
YOR027W_fc	1
YOR028C_fc	1
YOR032C_fc	1
YOR036W_fc	1
YOR039W_fc	1
YOR042W_fc	1
YOR043W_fc	1
YOR045W_fc	1
YOR051C_fc	1
YOR052C_fc	1
YOR052C_fc_andNotIntermediate	1
YOR052C_fc_intermediate_1	1
YOR052C_fc_intermediate_2	1
YOR056C_fc	1
YOR057W_fc	1
YOR061W_fc	1
YOR062C_fc	1
YOR063W_fc	1
YOR063W_fc_intermediate_1	1
YOR063W_fc_intermediate_2	1
YOR064C_fc	1
YOR065W_fc	1
YOR065W_fc_intermediate_1	1
YOR065W_fc_intermediate_2	1
YOR070C_fc	1
YOR074C_fc	1
YOR075W_fc	1
YOR078W_fc	1
YOR084W_fc	1
YOR086C_fc	1
YOR087W_fc	1
YOR089C_fc	1
YOR091W_fc	1
YOR092W_fc	1
YOR094W_fc	1
YOR095C_fc	1
YOR095C_fc_andNotIntermediate	1
YOR095C_fc_intermediate_1	1
YOR095C_fc_intermediate_2	1
YOR096W_fc	1
YOR099W_fc	1
YOR100C_fc	1
YOR101W_fc	1
YOR101W_fc_intermediate_1	1
YOR103C_fc	1
YOR108W_fc	1
YOR110W_fc	1
YOR115C_fc	1
YOR117W_fc	1
YOR120W_fc	1
YOR122C_fc	1
YOR123C_fc	1
YOR125C_fc	1
YOR126C_fc	1
YOR128C_fc	1
YOR128C_fc_intermediate_1	1
YOR130C_fc	1
YOR133W_fc	1
YOR136W_fc	1
YOR140W_fc	1
YOR142W_fc	1
YOR145C_fc	1
YOR145C_fc_andNotIntermediate	1
YOR145C_fc_intermediate_1	1
YOR147W_fc	1
YOR148C_fc	1
YOR150W_fc	1
YOR151C_fc	1
YOR153W_fc	1
YOR153W_fc_andNotIntermediate	1
YOR153W_fc_intermediate_1	1
YOR153W_fc_intermediate_2	1
YOR155C_fc	1
YOR157C_fc	1
YOR158W_fc	1
YOR161C_fc	1
YOR161C_fc_andNotIntermediate	1
YOR161C_fc_intermediate_1	1
YOR161C_fc_intermediate_2	1
YOR162C_fc	1
YOR163W_fc	1
YOR164C_fc	1
YOR165W_fc	1
YOR167C_fc	1
YOR168W_fc	1
YOR173W_fc	1
YOR173W_fc_intermediate_1	1
YOR173W_fc_intermediate_2	1
YOR175C_fc	1
YOR176W_fc	1
YOR179C_fc	1
YOR182C_fc	1
YOR184W_fc	1
YOR184W_fc_intermediate_1	1
YOR184W_fc_intermediate_2	1
YOR185C_fc	1
YOR187W_fc	1
YOR196C_fc	1
YOR197W_fc	1
YOR198C_fc	1
YOR198C_fc_intermediate_1	1
YOR198C_fc_intermediate_2	1
YOR202W_fc	1
YOR206W_fc	1
YOR206W_fc_intermediate_1	1
YOR209C_fc	1
YOR210W_fc	1
YOR215C_fc	1
YOR220W_fc	1
YOR220W_fc_intermediate_1	1
YOR221C_fc	1
YOR222W_fc	1
YOR224C_fc	1
YOR226C_fc	1
YOR226C_fc_intermediate_1	1
YOR227W_fc	1
YOR229W_fc	1
YOR230W_fc	1
YOR230W_fc_intermediate_1	1
YOR230W_fc_intermediate_2	1
YOR232W_fc	1
YOR234C_fc	1
YOR234C_fc_intermediate_1	1
YOR236W_fc	1
YOR239W_fc	1
YOR241W_fc	1
YOR244W_fc	1
YOR246C_fc	1
YOR246C_fc_intermediate_1	1
YOR247W_fc	1
YOR251C_fc	1
YOR253W_fc	1
YOR254C_fc	1
YOR259C_fc	1
YOR260W_fc	1
YOR261C_fc	1
YOR262W_fc	1
YOR264W_fc	1
YOR267C_fc	1
YOR270C_fc	1
YOR271C_fc	1
YOR272W_fc	1
YOR273C_fc	1
YOR276W_fc	1
YOR276W_fc_intermediate_1	1
YOR278W_fc	1
YOR280C_fc	1
YOR283W_fc	1
YOR285W_fc	1
YOR285W_fc_intermediate_1	1
YOR286W_fc	1
YOR288C_fc	1
YOR289W_fc	1
YOR289W_fc_andNotIntermediate	1
YOR289W_fc_intermediate_1	1
YOR293W_fc	1
YOR294W_fc	1
YOR297C_fc	1
YOR303W_fc	1
YOR310C_fc	1
YOR311C_fc	1
YOR312C_fc	1
YOR315W_fc	1
YOR315W_fc_intermediate_1	1
YOR315W_fc_intermediate_2	1
YOR315W_fc_intermediate_3	1
YOR315W_fc_intermediate_4	1
YOR316C_fc	1
YOR316C_fc_intermediate_1	1
YOR317W_fc	1
YOR317W_fc_intermediate_1	1
YOR317W_fc_intermediate_2	1
YOR319W_fc	1
YOR323C_fc	1
YOR326W_fc	1
YOR327C_fc	1
YOR327C_fc_intermediate_1	1
YOR332W_fc	1
YOR335C_fc	1
YOR340C_fc	1
YOR342C_fc	1
YOR342C_fc_intermediate_1	1
YOR342C_fc_intermediate_2	1
YOR344C_fc	1
YOR344C_fc_andNotIntermediate	1
YOR344C_fc_intermediate_1	1
YOR344C_fc_intermediate_2	1
YOR344C_fc_intermediate_3	1
YOR344C_fc_intermediate_4	1
YOR347C_fc	1
YOR348C_fc	1
YOR348C_fc_andNotIntermediate	1
YOR348C_fc_intermediate_1	1
YOR348C_fc_intermediate_2	1
YOR348C_fc_intermediate_3	1
YOR348C_fc_intermediate_4	1
YOR354C_fc	1
YOR355W_fc	1
YOR355W_fc_intermediate_1	1
YOR356W_fc	1
YOR358W_fc	1
YOR361C_fc	1
YOR361C_fc_intermediate_1	1
YOR361C_fc_intermediate_2	1
YOR362C_fc	1
YOR363C_fc	1
YOR367W_fc	1
YOR369C_fc	1
YOR369C_fc_intermediate_1	1
YOR374W_fc	1
YOR374W_fc_intermediate_1	1
YOR375C_fc	1
YOR382W_fc	1
YOR383C_fc	1
YPL001W_fc	1
YPL003W_fc	1
YPL004C_fc	1
YPL004C_fc_intermediate_1	1
YPL006W_fc	1
YPL010W_fc	1
YPL013C_fc	1
YPL015C_fc	1
YPL015C_fc_intermediate_1	1
YPL019C_fc	1
YPL019C_fc_intermediate_1	1
YPL019C_fc_intermediate_2	1
YPL023C_fc	1
YPL024W_fc	1
YPL024W_fc_intermediate_1	1
YPL026C_fc	1
YPL026C_fc_intermediate_1	1
YPL026C_fc_intermediate_2	1
YPL028W_fc	1
YPL031C_fc	1
YPL032C_fc	1
YPL034W_fc	1
YPL037C_fc	1
YPL038W_fc	1
YPL043W_fc	1
YPL047W_fc	1
YPL048W_fc	1
YPL049C_fc	1
YPL050C_fc	1
YPL053C_fc	1
YPL057C_fc	1
YPL057C_fc_intermediate_1	1
YPL057C_fc_intermediate_2	1
YPL059W_fc	1
YPL061W_fc	1
YPL061W_fc_intermediate_1	1
YPL061W_fc_intermediate_2	1
YPL063W_fc	1
YPL066W_fc	1
YPL071C_fc	1
YPL075W_fc	1
YPL078C_fc	1
YPL079W_fc	1
YPL081W_fc	1
YPL081W_fc_intermediate_1	1
YPL081W_fc_intermediate_2	1
YPL082C_fc	1
YPL086C_fc	1
YPL087W_fc	1
YPL087W_fc_intermediate_1	1
YPL087W_fc_intermediate_2	1
YPL089C_fc	1
YPL090C_fc	1
YPL091W_fc	1
YPL092W_fc	1
YPL093W_fc	1
YPL093W_fc_intermediate_1	1
YPL093W_fc_intermediate_2	1
YPL095C_fc	1
YPL096W_fc	1
YPL098C_fc	1
YPL100W_fc	1
YPL105C_fc	1
YPL106C_fc	1
YPL111W_fc	1
YPL111W_fc_intermediate_1	1
YPL111W_fc_intermediate_2	1
YPL112C_fc	1
YPL117C_fc	1
YPL117C_fc_intermediate_1	1
YPL118W_fc	1
YPL122C_fc	1
YPL127C_fc	1
YPL128C_fc	1
YPL129W_fc	1
YPL131W_fc	1
YPL133C_fc	1
YPL134C_fc	1
YPL135W_fc	1
YPL135W_fc_intermediate_1	1
YPL135W_fc_intermediate_2	1
YPL143W_fc	1
YPL144W_fc	1
YPL145C_fc	1
YPL149W_fc	1
YPL151C_fc	1
YPL152W_fc	1
YPL154C_fc	1
YPL154C_fc_andNotIntermediate	1
YPL154C_fc_intermediate_1	1
YPL154C_fc_intermediate_2	1
YPL156C_fc	1
YPL157W_fc	1
YPL158C_fc	1
YPL160W_fc	1
YPL160W_fc_intermediate_1	1
YPL163C_fc	1
YPL170W_fc	1
YPL170W_fc_intermediate_1	1
YPL173W_fc	1
YPL177C_fc	1
YPL177C_fc_andNotIntermediate	1
YPL177C_fc_intermediate_1	1
YPL179W_fc	1
YPL179W_fc_intermediate_1	1
YPL183C_fc	1
YPL184C_fc	1
YPL186C_fc	1
YPL190C_fc	1
YPL195W_fc	1
YPL196W_fc	1
YPL198W_fc	1
YPL199C_fc	1
YPL202C_fc	1
YPL203W_fc	1
YPL204W_fc	1
YPL206C_fc	1
YPL208W_fc	1
YPL210C_fc	1
YPL211W_fc	1
YPL212C_fc	1
YPL214C_fc	1
YPL215W_fc	1
YPL218W_fc	1
YPL220W_fc	1
YPL221W_fc	1
YPL221W_fc_intermediate_1	1
YPL221W_fc_intermediate_2	1
YPL222W_fc	1
YPL223C_fc	1
YPL224C_fc	1
YPL225W_fc	1
YPL226W_fc	1
YPL227C_fc	1
YPL229W_fc	1
YPL230W_fc	1
YPL231W_fc	1
YPL231W_fc_intermediate_1	1
YPL231W_fc_intermediate_2	1
YPL232W_fc	1
YPL234C_fc	1
YPL235W_fc	1
YPL236C_fc	1
YPL237W_fc	1
YPL237W_fc_intermediate_1	1
YPL237W_fc_intermediate_2	1
YPL239W_fc	1
YPL240C_fc	1
YPL240C_fc_intermediate_1	1
YPL241C_fc	1
YPL242C_fc	1
YPL243W_fc	1
YPL244C_fc	1
YPL246C_fc	1
YPL247C_fc	1
YPL248C_fc	1
YPL252C_fc	1
YPL256C_fc	1
YPL262W_fc	1
YPL266W_fc	1
YPL270W_fc	1
YPL271W_fc	1
YPL273W_fc	1
YPL274W_fc	1
YPL274W_fc_intermediate_1	1
YPL274W_fc_intermediate_2	1
YPR002W_fc	1
YPR006C_fc	1
YPR008W_fc	1
YPR010C_fc	1
YPR010C_fc_intermediate_1	1
YPR011C_fc	1
YPR016C_fc	1
YPR017C_fc	1
YPR020W_fc	1
YPR023C_fc	1
YPR024W_fc	1
YPR028W_fc	1
YPR029C_fc	1
YPR033C_fc	1
YPR035W_fc	1
YPR035W_fc_intermediate_1	1
YPR035W_fc_intermediate_2	1
YPR036W_fc	1
YPR036W_fc_intermediate_1	1
YPR037C_fc	1
YPR041W_fc	1
YPR043W_fc	1
YPR052C_fc	1
YPR057W_fc	1
YPR058W_fc	1
YPR060C_fc	1
YPR062W_fc	1
YPR063C_fc	1
YPR065W_fc	1
YPR065W_fc_intermediate_1	1
YPR067W_fc	1
YPR067W_fc_intermediate_1	1
YPR069C_fc	1
YPR072W_fc	1
YPR073C_fc	1
YPR074C_fc	1
YPR080W_fc	1
YPR080W_fc_intermediate_1	1
YPR082C_fc	1
YPR086W_fc	1
YPR088C_fc	1
YPR091C_fc	1
YPR100W_fc	1
YPR101W_fc	1
YPR102C_fc	1
YPR103W_fc	1
YPR104C_fc	1
YPR106W_fc	1
YPR107C_fc	1
YPR108W_fc	1
YPR109W_fc	1
YPR110C_fc	1
YPR110C_fc_intermediate_1	1
YPR110C_fc_intermediate_2	1
YPR112C_fc	1
YPR113W_fc	1
YPR113W_fc_intermediate_1	1
YPR113W_fc_intermediate_2	1
YPR114W_fc	1
YPR127W_fc	1
YPR128C_fc	1
YPR129W_fc	1
YPR132W_fc	1
YPR133C_fc	1
YPR137W_fc	1
YPR138C_fc	1
YPR138C_fc_intermediate_1	1
YPR138C_fc_intermediate_2	1
YPR139C_fc	1
YPR144C_fc	1
YPR145W_fc	1
YPR147C_fc	1
YPR148C_fc	1
YPR149W_fc	1
YPR149W_fc_andNotIntermediate	1
YPR149W_fc_intermediate_1	1
YPR149W_fc_intermediate_2	1
YPR154W_fc	1
YPR156C_fc	1
YPR156C_fc_andNotIntermediate	1
YPR156C_fc_intermediate_1	1
YPR156C_fc_intermediate_2	1
YPR156C_fc_intermediate_3	1
YPR160W_fc	1
YPR160W_fc_andNotIntermediate	1
YPR160W_fc_intermediate_1	1
YPR163C_fc	1
YPR165W_fc	1
YPR166C_fc	1
YPR167C_fc	1
YPR169W_fc	1
YPR173C_fc	1
YPR176C_fc	1
YPR180W_fc	1
YPR182W_fc	1
YPR184W_fc	1
YPR187W_fc	1
YPR191W_fc	1
YPR191W_fc_intermediate_1	1
YPR191W_fc_intermediate_2	1
YPR198W_fc	1
YPR199C_fc	1
